PurchaseOrderID,SupplierID,SupplierName,ProductID,OrderDate,ExpectedDeliveryDate,Quantity,UnitCost,POStatus
PO202607070000,SUP011,Global Accessories Egypt,P0292,2026-07-07,2026-07-09,89,9997.62,Partial
PO202607070000,SUP016,Pioneer Retail Supplies,P0057,2026-07-07,2026-07-09,11,13042.64,Received
PO202607070000,SUP004,Cairo Digital Trading,P0141,2026-07-07,2026-07-09,90,3382.54,Received
PO202607070001,SUP018,United Consumer Tech,P0110,2026-07-07,2026-07-19,88,33163.31,Received
PO202607070001,SUP012,Canal Trading Co.,P0064,2026-07-07,2026-07-09,10,2701.08,Open
PO202607070001,SUP008,Future Appliances,P0136,2026-07-07,2026-07-23,90,6081.96,Open
PO202607070002,SUP001,Tech Distribution Egypt,P0268,2026-07-07,2026-07-25,36,6179.32,Open
PO202607070002,SUP017,ElectroHub Egypt,P0295,2026-07-07,2026-07-12,107,14804.59,Approved
PO202607070002,SUP007,HomeTech Distributors,P0053,2026-07-07,2026-07-24,24,21929.79,Approved
PO202607070003,SUP011,Global Accessories Egypt,P0084,2026-07-07,2026-07-20,112,24659.94,Approved
PO202607070003,SUP001,Tech Distribution Egypt,P0292,2026-07-07,2026-07-16,95,10633.84,Received
PO202607070003,SUP014,MegaHome Supply,P0026,2026-07-07,2026-07-18,91,12327.33,Received
PO202607070004,SUP002,Delta Electronics Supply,P0242,2026-07-07,2026-07-22,62,10170.75,Approved
PO202607070004,SUP012,Canal Trading Co.,P0147,2026-07-07,2026-07-26,98,8397.81,Partial
PO202607070004,SUP010,Prime IT Supply,P0267,2026-07-07,2026-07-12,78,2905.86,Approved
PO202607070005,SUP018,United Consumer Tech,P0083,2026-07-07,2026-07-19,17,30272.16,Approved
PO202607070005,SUP015,Digital Gate,P0223,2026-07-07,2026-07-21,17,6394.58,Open
PO202607070005,SUP013,North Coast Distribution,P0115,2026-07-07,2026-07-13,107,3387.78,Approved
PO202607070006,SUP012,Canal Trading Co.,P0158,2026-07-07,2026-07-25,83,4205.06,Approved
PO202607070006,SUP008,Future Appliances,P0072,2026-07-07,2026-07-15,71,3248.49,Open
PO202607070006,SUP001,Tech Distribution Egypt,P0084,2026-07-07,2026-07-15,59,22865.19,Partial
PO202607070007,SUP012,Canal Trading Co.,P0164,2026-07-07,2026-07-16,111,2907.26,Approved
PO202607070007,SUP012,Canal Trading Co.,P0029,2026-07-07,2026-07-19,18,8772.68,Approved
PO202607070007,SUP008,Future Appliances,P0141,2026-07-07,2026-07-17,13,3125.17,Approved
PO202607070008,SUP008,Future Appliances,P0251,2026-07-07,2026-07-10,111,27957.40,Open
PO202607070008,SUP007,HomeTech Distributors,P0241,2026-07-07,2026-07-18,36,59131.12,Received
PO202607070008,SUP006,Smart Devices MENA,P0128,2026-07-07,2026-07-15,43,2294.03,Received
PO202607070009,SUP001,Tech Distribution Egypt,P0104,2026-07-07,2026-07-10,56,1605.71,Approved
PO202607070009,SUP006,Smart Devices MENA,P0207,2026-07-07,2026-07-18,110,35935.01,Received
PO202607070009,SUP006,Smart Devices MENA,P0137,2026-07-07,2026-07-17,105,4593.64,Open
PO202607070010,SUP015,Digital Gate,P0261,2026-07-07,2026-07-22,84,3450.60,Received
PO202607070010,SUP013,North Coast Distribution,P0129,2026-07-07,2026-07-25,49,15395.53,Approved
PO202607070010,SUP008,Future Appliances,P0273,2026-07-07,2026-07-21,5,16014.51,Received
PO202607070011,SUP006,Smart Devices MENA,P0275,2026-07-07,2026-07-27,87,48821.65,Received
PO202607070011,SUP015,Digital Gate,P0281,2026-07-07,2026-07-18,95,2994.58,Open
PO202607070011,SUP002,Delta Electronics Supply,P0189,2026-07-07,2026-07-15,49,725.90,Approved
PO202607070012,SUP011,Global Accessories Egypt,P0057,2026-07-07,2026-07-26,39,13668.34,Approved
PO202607070012,SUP010,Prime IT Supply,P0268,2026-07-07,2026-07-24,104,6790.80,Received
PO202607070012,SUP002,Delta Electronics Supply,P0204,2026-07-07,2026-07-09,112,29679.21,Received
PO202607070013,SUP012,Canal Trading Co.,P0251,2026-07-07,2026-07-14,5,29074.21,Received
PO202607070013,SUP014,MegaHome Supply,P0055,2026-07-07,2026-07-11,31,11085.94,Received
PO202607070013,SUP003,Nile Retail Supply,P0230,2026-07-07,2026-07-09,116,8725.35,Received
PO202607070014,SUP006,Smart Devices MENA,P0031,2026-07-07,2026-07-13,41,18479.45,Open
PO202607070014,SUP018,United Consumer Tech,P0242,2026-07-07,2026-07-17,56,10872.50,Open
PO202607070014,SUP009,Arabian Electronics,P0178,2026-07-07,2026-07-10,48,37269.54,Received
PO202607070015,SUP006,Smart Devices MENA,P0118,2026-07-07,2026-07-17,53,4785.04,Open
PO202607070015,SUP012,Canal Trading Co.,P0036,2026-07-07,2026-07-22,30,18745.42,Approved
PO202607070015,SUP016,Pioneer Retail Supplies,P0289,2026-07-07,2026-07-22,70,26444.31,Partial
PO202607070016,SUP002,Delta Electronics Supply,P0157,2026-07-07,2026-07-23,22,12943.32,Open
PO202607070016,SUP012,Canal Trading Co.,P0075,2026-07-07,2026-07-27,88,6599.35,Approved
PO202607070016,SUP007,HomeTech Distributors,P0263,2026-07-07,2026-07-20,117,5588.00,Partial
PO202607070017,SUP007,HomeTech Distributors,P0201,2026-07-07,2026-07-20,39,51055.86,Open
PO202607070017,SUP017,ElectroHub Egypt,P0140,2026-07-07,2026-07-27,64,3133.39,Received
PO202607070017,SUP014,MegaHome Supply,P0100,2026-07-07,2026-07-22,12,9838.86,Received
PO202607070018,SUP007,HomeTech Distributors,P0229,2026-07-07,2026-07-20,63,55182.28,Received
PO202607070018,SUP010,Prime IT Supply,P0188,2026-07-07,2026-07-25,48,4367.66,Approved
PO202607070018,SUP001,Tech Distribution Egypt,P0042,2026-07-07,2026-07-21,54,4471.55,Received
PO202607070019,SUP005,Alex Import & Trade,P0200,2026-07-07,2026-07-18,14,706.63,Open
PO202607070019,SUP014,MegaHome Supply,P0062,2026-07-07,2026-07-25,50,15271.23,Open
PO202607070019,SUP015,Digital Gate,P0264,2026-07-07,2026-07-10,20,904.97,Approved
PO202607070020,SUP010,Prime IT Supply,P0123,2026-07-07,2026-07-17,111,1458.60,Received
PO202607070020,SUP016,Pioneer Retail Supplies,P0195,2026-07-07,2026-07-21,95,4998.62,Open
PO202607070020,SUP010,Prime IT Supply,P0206,2026-07-07,2026-07-14,59,26176.68,Received
PO202607070021,SUP014,MegaHome Supply,P0239,2026-07-07,2026-07-22,85,18063.80,Open
PO202607070021,SUP011,Global Accessories Egypt,P0019,2026-07-07,2026-07-13,113,3409.65,Received
PO202607070021,SUP015,Digital Gate,P0268,2026-07-07,2026-07-15,18,6079.14,Partial
PO202607070022,SUP017,ElectroHub Egypt,P0061,2026-07-07,2026-07-11,11,49248.48,Received
PO202607070022,SUP009,Arabian Electronics,P0150,2026-07-07,2026-07-22,64,31754.38,Approved
PO202607070022,SUP011,Global Accessories Egypt,P0279,2026-07-07,2026-07-23,64,14554.73,Partial
PO202607070023,SUP012,Canal Trading Co.,P0276,2026-07-07,2026-07-09,118,26772.07,Approved
PO202607070023,SUP011,Global Accessories Egypt,P0249,2026-07-07,2026-07-19,19,50788.10,Approved
PO202607070023,SUP016,Pioneer Retail Supplies,P0148,2026-07-07,2026-07-13,91,11516.91,Open
PO202607070024,SUP010,Prime IT Supply,P0162,2026-07-07,2026-07-12,117,11502.30,Open
PO202607070024,SUP006,Smart Devices MENA,P0270,2026-07-07,2026-07-11,29,28384.88,Approved
PO202607070024,SUP018,United Consumer Tech,P0215,2026-07-07,2026-07-16,14,15645.35,Received
PO202607070025,SUP001,Tech Distribution Egypt,P0108,2026-07-07,2026-07-26,97,9448.40,Received
PO202607070025,SUP018,United Consumer Tech,P0317,2026-07-07,2026-07-24,39,48104.75,Approved
PO202607070025,SUP002,Delta Electronics Supply,P0087,2026-07-07,2026-07-16,7,37616.71,Received
PO202607070026,SUP017,ElectroHub Egypt,P0244,2026-07-07,2026-07-22,115,3150.27,Approved
PO202607070026,SUP003,Nile Retail Supply,P0253,2026-07-07,2026-07-15,75,39793.27,Received
PO202607070026,SUP003,Nile Retail Supply,P0208,2026-07-07,2026-07-24,82,4913.94,Received
PO202607070027,SUP010,Prime IT Supply,P0281,2026-07-07,2026-07-12,6,3242.40,Received
PO202607070027,SUP016,Pioneer Retail Supplies,P0080,2026-07-07,2026-07-22,28,1463.37,Approved
PO202607070027,SUP010,Prime IT Supply,P0076,2026-07-07,2026-07-22,22,5881.31,Approved
PO202607070028,SUP004,Cairo Digital Trading,P0152,2026-07-07,2026-07-26,51,742.26,Received
PO202607070028,SUP010,Prime IT Supply,P0234,2026-07-07,2026-07-18,110,7195.82,Approved
PO202607070028,SUP005,Alex Import & Trade,P0189,2026-07-07,2026-07-19,73,730.60,Received
PO202607070029,SUP006,Smart Devices MENA,P0320,2026-07-07,2026-07-21,69,2460.63,Received
PO202607070029,SUP014,MegaHome Supply,P0291,2026-07-07,2026-07-25,79,4016.62,Received
PO202607070029,SUP001,Tech Distribution Egypt,P0198,2026-07-07,2026-07-13,42,32341.03,Open
PO202607070030,SUP009,Arabian Electronics,P0139,2026-07-07,2026-07-21,60,421.83,Received
PO202607070030,SUP015,Digital Gate,P0141,2026-07-07,2026-07-15,101,3385.49,Approved
PO202607070030,SUP003,Nile Retail Supply,P0273,2026-07-07,2026-07-13,43,14645.75,Received
PO202607070031,SUP002,Delta Electronics Supply,P0108,2026-07-07,2026-07-21,114,9340.05,Open
PO202607070031,SUP016,Pioneer Retail Supplies,P0098,2026-07-07,2026-07-18,48,21676.14,Open
PO202607070031,SUP003,Nile Retail Supply,P0305,2026-07-07,2026-07-23,98,2806.43,Received
PO202607070032,SUP007,HomeTech Distributors,P0108,2026-07-07,2026-07-12,5,10434.46,Approved
PO202607070032,SUP009,Arabian Electronics,P0254,2026-07-07,2026-07-27,5,37454.71,Received
PO202607070032,SUP007,HomeTech Distributors,P0039,2026-07-07,2026-07-12,88,63177.36,Received
PO202607070033,SUP015,Digital Gate,P0091,2026-07-07,2026-07-14,69,2618.65,Partial
PO202607070033,SUP008,Future Appliances,P0191,2026-07-07,2026-07-09,5,17220.66,Approved
PO202607070033,SUP015,Digital Gate,P0151,2026-07-07,2026-07-18,55,4258.43,Approved
PO202607070034,SUP008,Future Appliances,P0175,2026-07-07,2026-07-25,55,8608.74,Received
PO202607070034,SUP012,Canal Trading Co.,P0165,2026-07-07,2026-07-21,34,5181.60,Received
PO202607070034,SUP014,MegaHome Supply,P0190,2026-07-07,2026-07-27,93,17352.84,Approved
PO202607070035,SUP010,Prime IT Supply,P0274,2026-07-07,2026-07-25,84,19360.59,Received
PO202607070035,SUP015,Digital Gate,P0011,2026-07-07,2026-07-26,111,23586.51,Received
PO202607070035,SUP014,MegaHome Supply,P0215,2026-07-07,2026-07-19,117,15627.05,Received
PO202607070036,SUP006,Smart Devices MENA,P0002,2026-07-07,2026-07-20,97,10632.24,Received
PO202607070036,SUP008,Future Appliances,P0138,2026-07-07,2026-07-12,102,1113.42,Received
PO202607070036,SUP002,Delta Electronics Supply,P0166,2026-07-07,2026-07-18,113,1708.07,Approved
PO202607070037,SUP005,Alex Import & Trade,P0098,2026-07-07,2026-07-16,7,23838.71,Received
PO202607070037,SUP006,Smart Devices MENA,P0226,2026-07-07,2026-07-15,67,33825.11,Open
PO202607070037,SUP012,Canal Trading Co.,P0065,2026-07-07,2026-07-24,35,4944.60,Approved
PO202607070038,SUP018,United Consumer Tech,P0143,2026-07-07,2026-07-20,113,21161.34,Approved
PO202607070038,SUP017,ElectroHub Egypt,P0089,2026-07-07,2026-07-17,28,2260.34,Approved
PO202607070038,SUP016,Pioneer Retail Supplies,P0241,2026-07-07,2026-07-16,27,61835.96,Received
PO202607070039,SUP004,Cairo Digital Trading,P0237,2026-07-07,2026-07-19,56,6873.50,Received
PO202607070039,SUP004,Cairo Digital Trading,P0285,2026-07-07,2026-07-15,81,1989.52,Open
PO202607070039,SUP008,Future Appliances,P0288,2026-07-07,2026-07-18,86,2052.43,Open
PO202607070040,SUP015,Digital Gate,P0118,2026-07-07,2026-07-27,51,5130.00,Received
PO202607070040,SUP006,Smart Devices MENA,P0069,2026-07-07,2026-07-21,109,5075.40,Received
PO202607070040,SUP013,North Coast Distribution,P0062,2026-07-07,2026-07-19,41,12950.60,Open
PO202607070041,SUP011,Global Accessories Egypt,P0044,2026-07-07,2026-07-12,103,203.81,Received
PO202607070041,SUP007,HomeTech Distributors,P0014,2026-07-07,2026-07-15,54,20894.49,Approved
PO202607070041,SUP006,Smart Devices MENA,P0297,2026-07-07,2026-07-12,61,58379.34,Received
PO202607070042,SUP016,Pioneer Retail Supplies,P0055,2026-07-07,2026-07-09,114,12420.07,Approved
PO202607070042,SUP003,Nile Retail Supply,P0002,2026-07-07,2026-07-24,66,10878.73,Approved
PO202607070042,SUP015,Digital Gate,P0264,2026-07-07,2026-07-09,119,1020.65,Received
PO202607070043,SUP009,Arabian Electronics,P0180,2026-07-07,2026-07-27,101,6149.60,Open
PO202607070043,SUP009,Arabian Electronics,P0287,2026-07-07,2026-07-12,83,6175.90,Received
PO202607070043,SUP015,Digital Gate,P0049,2026-07-07,2026-07-11,37,18002.10,Received
PO202607070044,SUP002,Delta Electronics Supply,P0091,2026-07-07,2026-07-11,81,2607.81,Received
PO202607070044,SUP004,Cairo Digital Trading,P0125,2026-07-07,2026-07-18,79,35192.88,Received
PO202607070044,SUP002,Delta Electronics Supply,P0244,2026-07-07,2026-07-16,33,3164.65,Approved
PO202607070045,SUP010,Prime IT Supply,P0239,2026-07-07,2026-07-22,24,20556.36,Open
PO202607070045,SUP006,Smart Devices MENA,P0222,2026-07-07,2026-07-19,83,27099.34,Open
PO202607070045,SUP015,Digital Gate,P0300,2026-07-07,2026-07-19,94,22541.82,Partial
PO202607070046,SUP009,Arabian Electronics,P0291,2026-07-07,2026-07-12,44,4550.30,Open
PO202607070046,SUP016,Pioneer Retail Supplies,P0084,2026-07-07,2026-07-11,83,21982.92,Approved
PO202607070046,SUP004,Cairo Digital Trading,P0193,2026-07-07,2026-07-14,63,28950.71,Approved
PO202607070047,SUP002,Delta Electronics Supply,P0248,2026-07-07,2026-07-23,36,2281.77,Approved
PO202607070047,SUP018,United Consumer Tech,P0089,2026-07-07,2026-07-24,84,2322.40,Received
PO202607070047,SUP001,Tech Distribution Egypt,P0127,2026-07-07,2026-07-10,115,16766.50,Received
PO202607070048,SUP002,Delta Electronics Supply,P0209,2026-07-07,2026-07-11,104,1430.39,Received
PO202607070048,SUP002,Delta Electronics Supply,P0131,2026-07-07,2026-07-10,95,17168.21,Received
PO202607070048,SUP002,Delta Electronics Supply,P0044,2026-07-07,2026-07-11,18,187.05,Received
PO202607070049,SUP006,Smart Devices MENA,P0001,2026-07-07,2026-07-10,12,52937.84,Approved
PO202607070049,SUP012,Canal Trading Co.,P0232,2026-07-07,2026-07-17,6,4137.25,Approved
PO202607070049,SUP016,Pioneer Retail Supplies,P0011,2026-07-07,2026-07-18,11,22357.90,Open
PO202607070050,SUP005,Alex Import & Trade,P0312,2026-07-07,2026-07-11,52,612.55,Approved
PO202607070050,SUP011,Global Accessories Egypt,P0226,2026-07-07,2026-07-10,25,36106.98,Received
PO202607070050,SUP003,Nile Retail Supply,P0147,2026-07-07,2026-07-19,113,8155.58,Received
PO202607070051,SUP007,HomeTech Distributors,P0132,2026-07-07,2026-07-20,75,12948.72,Received
PO202607070051,SUP012,Canal Trading Co.,P0154,2026-07-07,2026-07-21,109,15556.51,Approved
PO202607070051,SUP013,North Coast Distribution,P0102,2026-07-07,2026-07-18,43,32385.91,Received
PO202607070052,SUP017,ElectroHub Egypt,P0182,2026-07-07,2026-07-27,35,12814.43,Received
PO202607070052,SUP005,Alex Import & Trade,P0192,2026-07-07,2026-07-14,33,1079.23,Approved
PO202607070052,SUP018,United Consumer Tech,P0295,2026-07-07,2026-07-23,85,15716.12,Received
PO202607070053,SUP009,Arabian Electronics,P0309,2026-07-07,2026-07-14,49,4801.19,Received
PO202607070053,SUP010,Prime IT Supply,P0212,2026-07-07,2026-07-21,14,150.15,Received
PO202607070053,SUP003,Nile Retail Supply,P0313,2026-07-07,2026-07-19,113,43036.38,Open
PO202607070054,SUP016,Pioneer Retail Supplies,P0210,2026-07-07,2026-07-18,32,7342.29,Received
PO202607070054,SUP014,MegaHome Supply,P0109,2026-07-07,2026-07-09,44,55102.40,Open
PO202607070054,SUP002,Delta Electronics Supply,P0015,2026-07-07,2026-07-14,66,41822.70,Open
PO202607070055,SUP004,Cairo Digital Trading,P0090,2026-07-07,2026-07-14,27,758.50,Open
PO202607070055,SUP004,Cairo Digital Trading,P0117,2026-07-07,2026-07-24,56,1750.85,Approved
PO202607070055,SUP012,Canal Trading Co.,P0241,2026-07-07,2026-07-24,50,57276.20,Approved
PO202607070056,SUP011,Global Accessories Egypt,P0089,2026-07-07,2026-07-26,108,2463.28,Received
PO202607070056,SUP013,North Coast Distribution,P0256,2026-07-07,2026-07-15,47,3201.56,Open
PO202607070056,SUP008,Future Appliances,P0032,2026-07-07,2026-07-09,11,686.85,Received
PO202607070057,SUP018,United Consumer Tech,P0125,2026-07-07,2026-07-16,35,33151.57,Received
PO202607070057,SUP003,Nile Retail Supply,P0317,2026-07-07,2026-07-13,107,50829.60,Approved
PO202607070057,SUP015,Digital Gate,P0101,2026-07-07,2026-07-09,34,14598.05,Open
PO202607070058,SUP011,Global Accessories Egypt,P0145,2026-07-07,2026-07-19,51,43372.06,Received
PO202607070058,SUP004,Cairo Digital Trading,P0113,2026-07-07,2026-07-19,42,3746.35,Approved
PO202607070058,SUP008,Future Appliances,P0139,2026-07-07,2026-07-21,97,400.69,Open
PO202607070059,SUP003,Nile Retail Supply,P0156,2026-07-07,2026-07-16,29,31167.40,Received
PO202607070059,SUP016,Pioneer Retail Supplies,P0319,2026-07-07,2026-07-16,110,9914.49,Received
PO202607070059,SUP008,Future Appliances,P0201,2026-07-07,2026-07-27,59,52429.52,Received
PO202607070060,SUP018,United Consumer Tech,P0320,2026-07-07,2026-07-11,85,2298.56,Approved
PO202607070060,SUP014,MegaHome Supply,P0120,2026-07-07,2026-07-23,104,2789.85,Partial
PO202607070060,SUP009,Arabian Electronics,P0165,2026-07-07,2026-07-09,63,5526.16,Approved
PO202607070061,SUP004,Cairo Digital Trading,P0023,2026-07-07,2026-07-09,68,12640.33,Received
PO202607070061,SUP002,Delta Electronics Supply,P0032,2026-07-07,2026-07-26,105,731.68,Received
PO202607070061,SUP006,Smart Devices MENA,P0295,07/07/2026,2026-07-16,97,15572.87,Approved
PO202607070062,SUP002,Delta Electronics Supply,P0129,2026-07-07,2026-07-24,71,14065.32,Received
PO202607070062,SUP006,Smart Devices MENA,P0314,2026-07-07,2026-07-15,90,10384.85,Open
PO202607070062,SUP013,North Coast Distribution,P0082,2026-07-07,2026-07-21,56,29502.93,Received
PO202607070063,SUP003,Nile Retail Supply,P0297,2026-07-07,2026-07-11,33,52805.54,Open
PO202607070063,SUP004,Cairo Digital Trading,P0285,2026-07-07,2026-07-12,114,1748.44,Partial
PO202607070063,SUP018,United Consumer Tech,P0136,2026-07-07,2026-07-20,31,5613.18,Partial
PO202607070064,SUP017,ElectroHub Egypt,P0087,2026-07-07,2026-07-13,60,44536.77,Received
PO202607070064,SUP018,United Consumer Tech,P0247,2026-07-07,2026-07-27,33,8188.42,Partial
PO202607070064,SUP015,Digital Gate,P0071,2026-07-07,2026-07-22,40,3444.19,Received
PO202607070065,SUP005,Alex Import & Trade,P0276,2026-07-07,2026-07-27,72,28110.84,Received
PO202607070065,SUP003,Nile Retail Supply,P0098,2026-07-07,2026-07-10,15,23576.08,Received
PO202607070065,SUP003,Nile Retail Supply,P0277,2026-07-07,2026-07-18,49,46270.93,Approved
PO202607070066,SUP018,United Consumer Tech,P0229,2026-07-07,2026-07-24,26,61347.74,Approved
PO202607070066,SUP009,Arabian Electronics,P0115,2026-07-07,2026-07-14,35,3473.45,Received
PO202607070066,SUP015,Digital Gate,P0231,2026-07-07,2026-07-09,48,28374.55,Open
PO202607070067,SUP009,Arabian Electronics,P0306,2026-07-07,2026-07-26,90,4107.61,Received
PO202607070067,SUP012,Canal Trading Co.,P0248,2026-07-07,2026-07-24,114,2114.87,Received
PO202607070067,SUP010,Prime IT Supply,P0091,2026-07-07,2026-07-15,18,2737.67,Open
PO202607070068,SUP017,ElectroHub Egypt,P0033,2026-07-07,2026-07-18,15,28873.84,Received
PO202607070068,SUP006,Smart Devices MENA,P0250,2026-07-07,2026-07-18,72,40065.80,Approved
PO202607070068,SUP008,Future Appliances,P0005,2026-07-07,2026-07-17,38,39624.53,Approved
PO202607070069,SUP010,Prime IT Supply,P0294,2026-07-07,2026-07-13,42,15716.09,Approved
PO202607070069,SUP014,MegaHome Supply,P0066,2026-07-07,2026-07-27,64,6324.24,Approved
PO202607070069,SUP006,Smart Devices MENA,P0058,2026-07-07,2026-07-23,41,11874.75,Open
PO202607070070,SUP015,Digital Gate,P0211,2026-07-07,2026-07-10,9,3163.92,Received
PO202607070070,SUP018,United Consumer Tech,P0309,2026-07-07,2026-07-14,13,4524.48,Open
PO202607070070,SUP008,Future Appliances,P0166,2026-07-07,2026-07-25,17,1929.37,Received
PO202607070071,SUP011,Global Accessories Egypt,P0298,2026-07-07,2026-07-19,89,10776.00,Open
PO202607070071,SUP007,HomeTech Distributors,P0291,2026-07-07,2026-07-12,15,4080.85,Received
PO202607070071,SUP013,North Coast Distribution,P0192,2026-07-07,2026-07-24,90,1071.11,Open
PO202607070072,SUP002,Delta Electronics Supply,P0031,2026-07-07,2026-07-27,117,16073.37,Open
PO202607070072,SUP008,Future Appliances,P0062,2026-07-07,2026-07-19,102,13018.19,Received
PO202607070072,SUP014,MegaHome Supply,P0090,2026-07-07,2026-07-20,86,733.52,Received
PO202607070073,SUP004,Cairo Digital Trading,P0278,2026-07-07,2026-07-18,118,4697.63,Partial
PO202607070073,SUP015,Digital Gate,P0172,2026-07-07,2026-07-18,105,12089.68,Received
PO202607070073,SUP002,Delta Electronics Supply,P0027,2026-07-07,2026-07-11,88,5551.90,Received
PO202607070074,SUP004,Cairo Digital Trading,P0292,2026-07-07,2026-07-13,16,10342.61,Received
PO202607070074,SUP017,ElectroHub Egypt,P0300,2026-07-07,2026-07-20,77,22381.03,Received
PO202607070074,SUP008,Future Appliances,P0231,2026-07-07,2026-07-25,29,26940.18,Approved
PO202607070075,SUP004,Cairo Digital Trading,P0107,2026-07-07,2026-07-26,10,41954.81,Partial
PO202607070075,SUP008,Future Appliances,P0073,2026-07-07,2026-07-16,91,19934.81,Partial
PO202607070075,SUP002,Delta Electronics Supply,P0204,2026-07-07,2026-07-22,60,27530.12,Approved
PO202607070076,SUP002,Delta Electronics Supply,P0011,2026-07-07,2026-07-12,85,24262.49,Approved
PO202607070076,SUP002,Delta Electronics Supply,P0189,2026-07-07,2026-07-09,55,688.39,Received
PO202607070076,SUP009,Arabian Electronics,P0072,2026-07-07,2026-07-19,13,3284.90,Approved
PO202607070077,SUP015,Digital Gate,P0117,2026-07-07,2026-07-20,35,1675.51,Approved
PO202607070077,SUP011,Global Accessories Egypt,P0117,2026-07-07,2026-07-16,5,1859.65,Received
PO202607070077,SUP017,ElectroHub Egypt,P0143,2026-07-07,2026-07-20,61,20415.66,Approved
PO202607070078,SUP015,Digital Gate,P0299,2026-07-07,2026-07-14,88,37451.16,Approved
PO202607070078,SUP004,Cairo Digital Trading,P0277,2026-07-07,2026-07-09,47,46405.72,Received
PO202607070078,SUP016,Pioneer Retail Supplies,P0202,2026-07-07,2026-07-11,30,11867.35,Received
PO202607070079,SUP001,Tech Distribution Egypt,P0116,2026-07-07,2026-07-09,93,3671.27,Approved
PO202607070079,SUP001,Tech Distribution Egypt,P0306,2026-07-07,2026-07-09,41,4582.10,Approved
PO202607070079,SUP016,Pioneer Retail Supplies,P0008,2026-07-07,2026-07-20,24,627.43,Received
PO202607070080,SUP001,Tech Distribution Egypt,P0239,2026-07-07,2026-07-20,49,18097.07,Partial
PO202607070080,SUP013,North Coast Distribution,P0160,2026-07-07,2026-07-21,23,2693.70,Received
PO202607070080,SUP004,Cairo Digital Trading,P0152,2026-07-07,2026-07-21,29,792.62,Received
PO202607070081,SUP014,MegaHome Supply,P0244,2026-07-07,2026-07-17,49,3059.45,Received
PO202607070081,SUP014,MegaHome Supply,P0201,2026-07-07,2026-07-26,114,52017.78,Received
PO202607070081,SUP003,Nile Retail Supply,P0191,2026-07-07,2026-07-23,23,17291.61,Approved
PO202607070082,SUP002,Delta Electronics Supply,P0019,2026-07-07,2026-07-27,49,3796.25,Received
PO202607070082,SUP008,Future Appliances,P0020,2026-07-07,2026-07-20,62,717.33,Approved
PO202607070082,SUP003,Nile Retail Supply,P0264,2026-07-07,2026-07-21,84,877.18,Partial
PO202607070083,SUP008,Future Appliances,P0222,2026-07-07,2026-07-22,101,26805.85,Approved
PO202607070083,SUP010,Prime IT Supply,P0003,2026-07-07,2026-07-27,65,2005.18,Received
PO202607070083,SUP015,Digital Gate,P0185,2026-07-07,2026-07-26,80,3823.30,Open
PO202607070084,SUP002,Delta Electronics Supply,P0095,2026-07-07,2026-07-10,85,20728.46,Open
PO202607070084,SUP005,Alex Import & Trade,P0208,2026-07-07,2026-07-25,86,4919.27,Received
PO202607070084,SUP007,HomeTech Distributors,P0194,2026-07-07,2026-07-20,78,22832.11,Approved
PO202607070085,SUP015,Digital Gate,P0022,2026-07-07,2026-07-13,11,3923.56,Open
PO202607070085,SUP004,Cairo Digital Trading,P0083,2026-07-07,2026-07-15,25,34685.33,Approved
PO202607070085,SUP008,Future Appliances,P0156,2026-07-07,2026-07-14,5,32241.48,Received
PO202607070086,SUP014,MegaHome Supply,P0096,2026-07-07,2026-07-19,115,1699.38,Open
PO202607070086,SUP016,Pioneer Retail Supplies,P0248,2026-07-07,2026-07-18,76,2317.55,Received
PO202607070086,SUP009,Arabian Electronics,P0108,2026-07-07,2026-07-22,79,9306.13,Approved
PO202607070087,SUP015,Digital Gate,P0310,2026-07-07,2026-07-25,66,8877.84,Received
PO202607070087,SUP003,Nile Retail Supply,P0085,2026-07-07,2026-07-11,100,56655.14,Approved
PO202607070087,SUP018,United Consumer Tech,P0308,2026-07-07,2026-07-25,86,826.97,Received
PO202607070088,SUP014,MegaHome Supply,P0316,2026-07-07,2026-07-17,33,8091.97,Received
PO202607070088,SUP013,North Coast Distribution,P0313,2026-07-07,2026-07-14,88,47256.57,Approved
PO202607070088,SUP016,Pioneer Retail Supplies,P0139,2026-07-07,2026-07-13,78,395.55,Open
PO202607070089,SUP006,Smart Devices MENA,P0102,2026-07-07,2026-07-22,52,32160.50,Received
PO202607070089,SUP003,Nile Retail Supply,P0095,2026-07-07,2026-07-27,68,19333.99,Received
PO202607070089,SUP001,Tech Distribution Egypt,P0151,2026-07-07,2026-07-17,16,3707.63,Approved
PO202607070090,SUP015,Digital Gate,P0319,2026-07-07,2026-07-16,84,11007.16,Open
PO202607070090,SUP003,Nile Retail Supply,P0038,2026-07-07,2026-07-23,28,8553.52,Approved
PO202607070090,SUP004,Cairo Digital Trading,P0008,2026-07-07,2026-07-10,92,746.69,Approved
PO202607070091,SUP018,United Consumer Tech,P0137,2026-07-07,2026-07-17,110,4634.02,Received
PO202607070091,SUP013,North Coast Distribution,P0002,2026-07-07,2026-07-21,75,10698.16,Approved
PO202607070091,SUP007,HomeTech Distributors,P0140,2026-07-07,2026-07-22,61,3191.83,Partial
PO202607070092,SUP005,Alex Import & Trade,P0052,2026-07-07,2026-07-09,65,11543.08,Approved
PO202607070092,SUP005,Alex Import & Trade,P0088,2026-07-07,2026-07-17,106,1354.23,Approved
PO202607070092,SUP006,Smart Devices MENA,P0214,2026-07-07,2026-07-14,83,12704.63,Open
PO202607070093,SUP011,Global Accessories Egypt,P0039,2026-07-07,2026-07-14,83,61065.21,Received
PO202607070093,SUP016,Pioneer Retail Supplies,P0189,2026-07-07,2026-07-14,19,688.71,Received
PO202607070093,SUP004,Cairo Digital Trading,P0241,2026-07-07,2026-07-26,101,63934.07,Open
PO202607070094,SUP012,Canal Trading Co.,P0051,2026-07-07,2026-07-26,90,1734.71,Received
PO202607070094,SUP018,United Consumer Tech,P0037,2026-07-07,2026-07-23,113,35725.86,Open
PO202607070094,SUP003,Nile Retail Supply,P0232,2026-07-07,2026-07-16,29,4238.47,Received
PO202607070095,SUP016,Pioneer Retail Supplies,P0235,2026-07-07,2026-07-27,8,1989.63,Received
PO202607070095,SUP001,Tech Distribution Egypt,P0094,2026-07-07,2026-07-10,103,5501.71,Approved
PO202607070095,SUP018,United Consumer Tech,P0095,2026-07-07,2026-07-26,17,19077.78,Open
PO202607070096,SUP003,Nile Retail Supply,P0271,2026-07-07,2026-07-11,85,14692.23,Approved
PO202607070096,SUP013,North Coast Distribution,P0104,2026-07-07,2026-07-19,52,1700.79,Received
PO202607070096,SUP010,Prime IT Supply,P0080,2026-07-07,2026-07-20,108,1252.79,Received
PO202607070097,SUP003,Nile Retail Supply,P0023,2026-07-07,2026-07-09,111,12227.85,Approved
PO202607070097,SUP016,Pioneer Retail Supplies,P0068,2026-07-07,2026-07-17,100,3107.57,Received
PO202607070097,SUP011,Global Accessories Egypt,P0042,2026-07-07,2026-07-23,6,5290.28,Approved
PO202607070098,SUP005,Alex Import & Trade,P0005,2026-07-07,2026-07-14,19,36206.55,Received
PO202607070098,SUP007,HomeTech Distributors,P0191,2026-07-07,2026-07-16,87,18436.86,Approved
PO202607070098,SUP016,Pioneer Retail Supplies,P0025,2026-07-07,2026-07-18,25,43517.74,Open
PO202607070099,SUP001,Tech Distribution Egypt,P0215,2026-07-07,2026-07-18,28,15914.33,Received
PO202607070099,SUP014,MegaHome Supply,P0023,2026-07-07,2026-07-10,55,13584.08,Received
PO202607070099,SUP004,Cairo Digital Trading,P0245,2026-07-07,2026-07-22,67,11940.85,Received
PO202607070100,SUP012,Canal Trading Co.,P0268,2026-07-07,2026-07-23,7,6391.47,Approved
PO202607070100,SUP010,Prime IT Supply,P0255,2026-07-07,2026-07-13,76,23360.26,Approved
PO202607070100,SUP016,Pioneer Retail Supplies,P0073,2026-07-07,2026-07-22,80,19942.08,Approved
PO202607070101,SUP005,Alex Import & Trade,P0140,2026-07-07,2026-07-18,30,3396.19,Received
PO202607070101,SUP015,Digital Gate,P0122,2026-07-07,2026-07-24,52,9165.43,Partial
PO202607070101,SUP017,ElectroHub Egypt,P0274,2026-07-07,2026-07-25,99,18939.46,Received
PO202607070102,SUP015,Digital Gate,P0082,2026-07-07,2026-07-22,45,26489.39,Received
PO202607070102,SUP016,Pioneer Retail Supplies,P0265,2026-07-07,2026-07-21,83,56363.58,Approved
PO202607070102,SUP014,MegaHome Supply,P0028,2026-07-07,2026-07-22,38,9929.76,Open
PO202607070103,SUP010,Prime IT Supply,P0246,2026-07-07,2026-07-14,59,9613.59,Open
PO202607070103,SUP010,Prime IT Supply,P0211,2026-07-07,2026-07-14,108,3598.50,Received
PO202607070103,SUP018,United Consumer Tech,P0298,2026-07-07,2026-07-26,107,10619.52,Received
PO202607070104,SUP008,Future Appliances,P0059,2026-07-07,2026-07-25,90,31744.23,Open
PO202607070104,SUP011,Global Accessories Egypt,P0296,2026-07-07,2026-07-25,96,1703.69,Received
PO202607070104,SUP018,United Consumer Tech,P0178,2026-07-07,2026-07-17,54,36369.79,Received
PO202607070105,SUP005,Alex Import & Trade,P0263,2026-07-07,2026-07-26,95,4823.04,Open
PO202607070105,SUP007,HomeTech Distributors,P0238,2026-07-07,2026-07-11,49,10664.51,Received
PO202607070105,SUP008,Future Appliances,P0263,2026-07-07,2026-07-19,119,5533.73,Approved
PO202607070106,SUP015,Digital Gate,P0280,2026-07-07,2026-07-24,22,4656.02,Approved
PO202607070106,SUP010,Prime IT Supply,P0231,2026-07-07,2026-07-15,29,23882.03,Received
PO202607070106,SUP004,Cairo Digital Trading,P0175,2026-07-07,2026-07-26,100,9275.77,Approved
PO202607070107,SUP018,United Consumer Tech,P0273,2026-07-07,2026-07-09,22,16267.43,Received
PO202607070107,SUP001,Tech Distribution Egypt,P0279,2026-07-07,2026-07-20,90,14814.18,Approved
PO202607070107,SUP018,United Consumer Tech,P0049,2026-07-07,2026-07-22,84,19448.99,Approved
PO202607070108,SUP009,Arabian Electronics,P0280,2026-07-07,2026-07-18,17,4928.39,Approved
PO202607070108,SUP009,Arabian Electronics,P0301,2026-07-07,2026-07-12,34,56572.39,Approved
PO202607070108,SUP009,Arabian Electronics,P0205,2026-07-07,2026-07-12,79,45512.81,Received
PO202607070109,SUP004,Cairo Digital Trading,P0076,2026-07-07,2026-07-20,108,5996.08,Received
PO202607070109,SUP001,Tech Distribution Egypt,P0247,2026-07-07,2026-07-13,85,8224.41,Received
PO202607070109,SUP017,ElectroHub Egypt,P0127,2026-07-07,2026-07-27,42,18755.69,Received
PO202607070110,SUP003,Nile Retail Supply,P0150,2026-07-07,2026-07-22,43,32203.39,Open
PO202607070110,SUP009,Arabian Electronics,P0302,2026-07-07,2026-07-10,80,37440.52,Open
PO202607070110,SUP001,Tech Distribution Egypt,P0063,2026-07-07,2026-07-21,41,23256.29,Open
PO202607070111,SUP004,Cairo Digital Trading,P0266,2026-07-07,2026-07-27,52,18927.40,Partial
PO202607070111,SUP003,Nile Retail Supply,P0238,2026-07-07,2026-07-10,110,11088.01,Partial
PO202607070111,SUP017,ElectroHub Egypt,P0119,2026-07-07,2026-07-14,113,2163.27,Partial
PO202607070112,SUP004,Cairo Digital Trading,P0243,2026-07-07,2026-07-09,61,7824.26,Approved
PO202607070112,SUP011,Global Accessories Egypt,P0099,2026-07-07,2026-07-17,53,7223.37,Received
PO202607070112,SUP010,Prime IT Supply,P0268,2026-07-07,2026-07-20,73,6827.45,Approved
PO202607070113,SUP005,Alex Import & Trade,P0040,2026-07-07,2026-07-15,96,6170.07,Open
PO202607070113,SUP017,ElectroHub Egypt,P0150,2026-07-07,2026-07-18,33,28878.89,Received
PO202607070113,SUP014,MegaHome Supply,P0299,2026-07-07,2026-07-21,36,38667.10,Received
PO202607070114,SUP005,Alex Import & Trade,P0291,2026-07-07,2026-07-18,88,4228.58,Approved
PO202607070114,SUP003,Nile Retail Supply,P0051,2026-07-07,2026-07-27,10,1775.93,Received
PO202607070114,SUP011,Global Accessories Egypt,P0085,2026-07-07,2026-07-12,109,54227.13,Received
PO202607070115,SUP015,Digital Gate,P0142,2026-07-07,2026-07-10,11,11275.48,Approved
PO202607070115,SUP002,Delta Electronics Supply,P0184,2026-07-07,2026-07-10,114,5903.19,Received
PO202607070115,SUP002,Delta Electronics Supply,P0160,2026-07-07,2026-07-25,86,2675.30,Partial
PO202607070116,SUP010,Prime IT Supply,P0186,2026-07-07,2026-07-10,8,8807.64,Approved
PO202607070116,SUP013,North Coast Distribution,P0034,2026-07-07,2026-07-19,84,24359.87,Approved
PO202607070116,SUP003,Nile Retail Supply,P0163,2026-07-07,2026-07-11,103,743.81,Open
PO202607070117,SUP013,North Coast Distribution,P0140,2026-07-07,2026-07-10,87,3257.15,Received
PO202607070117,SUP005,Alex Import & Trade,P0026,2026-07-07,2026-07-27,92,13388.30,Open
PO202607070117,SUP010,Prime IT Supply,P0226,2026-07-07,2026-07-22,30,38386.34,Approved
PO202607070118,SUP005,Alex Import & Trade,P0200,2026-07-07,2026-07-25,46,707.84,Open
PO202607070118,SUP009,Arabian Electronics,P0238,2026-07-07,2026-07-16,39,10847.53,Received
PO202607070118,SUP010,Prime IT Supply,P0056,2026-07-07,2026-07-15,69,1414.78,Approved
PO202607070119,SUP009,Arabian Electronics,P0154,2026-07-07,2026-07-27,111,16912.04,Approved
PO202607070119,SUP018,United Consumer Tech,P0025,2026-07-07,2026-07-21,108,45027.62,Received
PO202607070119,SUP013,North Coast Distribution,P0252,2026-07-07,2026-07-22,23,16912.98,Received
PO202607070120,SUP002,Delta Electronics Supply,P0055,2026-07-07,2026-07-23,74,13065.86,Received
PO202607070120,SUP013,North Coast Distribution,P0096,2026-07-07,2026-07-25,111,1814.41,Partial
PO202607070120,SUP011,Global Accessories Egypt,P0136,2026-07-07,2026-07-15,12,5742.72,Approved
PO202607070121,SUP011,Global Accessories Egypt,P0076,2026-07-07,2026-07-12,109,5015.73,Received
PO202607070121,SUP009,Arabian Electronics,P0037,2026-07-07,2026-07-24,33,33687.91,Received
PO202607070121,SUP011,Global Accessories Egypt,P0214,2026-07-07,2026-07-21,25,11925.10,Received
PO202607070122,SUP017,ElectroHub Egypt,P0074,2026-07-07,2026-07-15,30,16135.15,Received
PO202607070122,SUP015,Digital Gate,P0073,2026-07-07,2026-07-22,25,18431.34,Open
PO202607070122,SUP007,HomeTech Distributors,P0211,2026-07-07,2026-07-09,23,3157.05,Approved
PO202607070123,SUP011,Global Accessories Egypt,P0228,2026-07-07,2026-07-27,47,17354.28,Open
PO202607070123,SUP014,MegaHome Supply,P0292,2026-07-07,2026-07-18,79,9134.90,Received
PO202607070123,SUP004,Cairo Digital Trading,P0230,2026-07-07,2026-07-10,90,8520.94,Received
PO202607070124,SUP001,Tech Distribution Egypt,P0027,2026-07-07,2026-07-24,33,6482.87,Approved
PO202607070124,SUP008,Future Appliances,P0053,2026-07-07,2026-07-14,16,22992.79,Received
PO202607070124,SUP004,Cairo Digital Trading,P0185,2026-07-07,2026-07-24,109,3848.31,Received
PO202607070125,SUP010,Prime IT Supply,P0251,2026-07-07,2026-07-24,54,30190.13,Partial
PO202607070125,SUP010,Prime IT Supply,P0018,2026-07-07,2026-07-12,36,4345.51,Open
PO202607070125,SUP009,Arabian Electronics,P0262,2026-07-07,2026-07-22,31,14695.01,Received
PO202607070126,SUP012,Canal Trading Co.,P0265,2026-07-07,2026-07-26,13,53673.22,Open
PO202607070126,SUP002,Delta Electronics Supply,P0217,2026-07-07,2026-07-18,88,33077.82,Partial
PO202607070126,SUP007,HomeTech Distributors,P0085,2026-07-07,2026-07-26,43,56408.47,Approved
PO202607070127,SUP005,Alex Import & Trade,P0312,2026-07-07,2026-07-11,60,621.14,Approved
PO202607070127,SUP008,Future Appliances,P0278,2026-07-07,2026-07-21,56,5237.10,Received
PO202607070127,SUP010,Prime IT Supply,P0212,2026-07-07,2026-07-20,77,165.03,Received
PO202607070128,SUP012,Canal Trading Co.,P0118,2026-07-07,2026-07-11,62,5299.46,Open
PO202607070128,SUP015,Digital Gate,P0167,2026-07-07,2026-07-22,67,11347.43,Received
PO202607070128,SUP013,North Coast Distribution,P0291,2026-07-07,2026-07-26,80,4128.45,Received
PO202607070129,SUP009,Arabian Electronics,P0129,2026-07-07,2026-07-24,37,15205.77,Approved
PO202607070129,SUP008,Future Appliances,P0030,2026-07-07,2026-07-23,45,18286.57,Approved
PO202607070129,SUP003,Nile Retail Supply,P0021,2026-07-07,2026-07-25,57,1516.33,Received
PO202607070130,SUP014,MegaHome Supply,P0040,2026-07-07,2026-07-15,67,6068.08,Received
PO202607070130,SUP009,Arabian Electronics,P0014,2026-07-07,2026-07-12,69,22272.57,Approved
PO202607070130,SUP012,Canal Trading Co.,P0314,2026-07-07,2026-07-23,54,9738.21,Approved
PO202607070131,SUP007,HomeTech Distributors,P0254,2026-07-07,2026-07-11,79,38195.79,Partial
PO202607070131,SUP005,Alex Import & Trade,P0206,2026-07-07,2026-07-22,69,25043.20,Received
PO202607070131,SUP007,HomeTech Distributors,P0316,2026-07-07,2026-07-16,31,8587.76,Partial
PO202607070132,SUP006,Smart Devices MENA,P0245,2026-07-07,2026-07-13,20,11402.80,Approved
PO202607070132,SUP008,Future Appliances,P0212,2026-07-07,2026-07-24,10,159.57,Approved
PO202607070132,SUP003,Nile Retail Supply,P0162,2026-07-07,2026-07-20,81,13241.08,Open
PO202607070133,SUP007,HomeTech Distributors,P0023,2026-07-07,2026-07-12,33,11865.31,Received
PO202607070133,SUP007,HomeTech Distributors,P0231,2026-07-07,2026-07-16,14,26274.07,Received
PO202607070133,SUP001,Tech Distribution Egypt,P0246,2026-07-07,2026-07-09,77,9449.07,Partial
PO202607070134,SUP009,Arabian Electronics,P0203,2026-07-07,2026-07-15,31,30641.62,Received
PO202607070134,SUP016,Pioneer Retail Supplies,P0038,2026-07-07,2026-07-12,39,8087.06,Received
PO202607070134,SUP016,Pioneer Retail Supplies,P0205,2026-07-07,2026-07-22,68,49232.32,Received
PO202607070135,SUP008,Future Appliances,P0040,2026-07-07,2026-07-25,16,6595.85,Partial
PO202607070135,SUP010,Prime IT Supply,P0292,2026-07-07,2026-07-24,53,8904.60,Approved
PO202607070135,SUP001,Tech Distribution Egypt,P0201,2026-07-07,2026-07-27,87,56118.17,Received
PO202607070136,SUP016,Pioneer Retail Supplies,P0248,2026-07-07,2026-07-21,88,1953.34,Open
PO202607070136,SUP017,ElectroHub Egypt,P0277,2026-07-07,2026-07-11,19,45924.05,Open
PO202607070136,SUP004,Cairo Digital Trading,P0066,2026-07-07,2026-07-18,112,6777.38,Open
PO202607070137,SUP004,Cairo Digital Trading,P0231,2026-07-07,2026-07-18,74,26138.99,Partial
PO202607070137,SUP009,Arabian Electronics,P0079,2026-07-07,2026-07-14,36,10954.89,Open
PO202607070137,SUP006,Smart Devices MENA,P0186,2026-07-07,2026-07-15,106,8606.26,Partial
PO202607070138,SUP001,Tech Distribution Egypt,P0053,2026-07-07,2026-07-26,75,21432.86,Approved
PO202607070138,SUP009,Arabian Electronics,P0055,2026-07-07,2026-07-16,5,13106.06,Partial
PO202607070138,SUP015,Digital Gate,P0304,2026-07-07,2026-07-23,24,5533.51,Approved
PO202607070139,SUP013,North Coast Distribution,P0267,2026-07-07,2026-07-19,73,2825.14,Received
PO202607070139,SUP011,Global Accessories Egypt,P0176,2026-07-07,2026-07-14,71,1022.66,Open
PO202607070139,SUP018,United Consumer Tech,P0214,2026-07-07,2026-07-14,86,13890.80,Partial
PO202607070140,SUP009,Arabian Electronics,P0173,2026-07-07,2026-07-18,76,7211.18,Partial
PO202607070140,SUP003,Nile Retail Supply,P0015,2026-07-07,2026-07-24,31,35599.96,Received
PO202607070140,SUP014,MegaHome Supply,P0109,2026-07-07,2026-07-09,63,58413.19,Open
PO202607070141,SUP009,Arabian Electronics,P0307,2026-07-07,2026-07-09,81,3597.52,Received
PO202607070141,SUP015,Digital Gate,P0014,2026-07-07,2026-07-10,51,19666.20,Approved
PO202607070141,SUP016,Pioneer Retail Supplies,P0153,2026-07-07,2026-07-26,110,27294.74,Received
PO202607070142,SUP008,Future Appliances,P0046,2026-07-07,2026-07-14,85,16723.17,Received
PO202607070142,SUP003,Nile Retail Supply,P0170,2026-07-07,2026-07-15,96,12735.85,Partial
PO202607070142,SUP007,HomeTech Distributors,P0071,2026-07-07,2026-07-19,6,4218.27,Open
PO202607070143,SUP011,Global Accessories Egypt,P0094,2026-07-07,2026-07-16,87,5587.73,Received
PO202607070143,SUP011,Global Accessories Egypt,P0094,2026-07-07,2026-07-19,93,4906.21,Approved
PO202607070143,SUP014,MegaHome Supply,P0017,2026-07-07,2026-07-16,87,995.15,Received
PO202607070144,SUP015,Digital Gate,P0082,2026-07-07,2026-07-13,73,27056.60,Received
PO202607070144,SUP003,Nile Retail Supply,P0226,2026-07-07,2026-07-23,40,37387.20,Received
PO202607070144,SUP004,Cairo Digital Trading,P0011,2026-07-07,2026-07-13,61,25632.87,Open
PO202607070145,SUP018,United Consumer Tech,P0242,2026-07-07,2026-07-27,88,10371.01,Open
PO202607070145,SUP015,Digital Gate,P0300,2026-07-07,2026-07-22,83,21598.72,Open
PO202607070145,SUP007,HomeTech Distributors,P0312,2026-07-07,2026-07-17,89,693.95,Received
PO202607070146,SUP010,Prime IT Supply,P0154,2026-07-07,2026-07-22,103,17625.20,Received
PO202607070146,SUP006,Smart Devices MENA,P0051,2026-07-07,2026-07-10,28,1707.54,Received
PO202607070146,SUP014,MegaHome Supply,P0052,2026-07-07,2026-07-23,23,10259.46,Received
PO202607070147,SUP007,HomeTech Distributors,P0176,2026-07-07,2026-07-16,26,988.31,Received
PO202607070147,SUP006,Smart Devices MENA,P0021,2026-07-07,2026-07-13,20,1476.16,Received
PO202607070147,SUP018,United Consumer Tech,P0261,2026-07-07,2026-07-10,113,3262.20,Open
PO202607070148,SUP016,Pioneer Retail Supplies,P0136,2026-07-07,2026-07-20,70,5520.47,Approved
PO202607070148,SUP011,Global Accessories Egypt,P0071,2026-07-07,2026-07-12,40,3474.97,Received
PO202607070148,SUP009,Arabian Electronics,P0256,2026-07-07,2026-07-25,23,3586.83,Open
PO202607070149,SUP010,Prime IT Supply,P0174,2026-07-07,2026-07-27,39,28351.34,Open
PO202607070149,SUP010,Prime IT Supply,P0251,2026-07-07,2026-07-12,13,31524.54,Open
PO202607070149,SUP014,MegaHome Supply,P0042,2026-07-07,2026-07-23,8,5178.83,Received
PO202607070150,SUP005,Alex Import & Trade,P0194,2026-07-07,2026-07-20,39,21671.43,Received
PO202607070150,SUP016,Pioneer Retail Supplies,P0264,2026-07-07,2026-07-20,76,884.92,Received
PO202607070150,SUP002,Delta Electronics Supply,P0244,2026-07-07,2026-07-10,22,3195.95,Partial
PO202607070151,SUP013,North Coast Distribution,P0283,2026-07-07,2026-07-20,96,401.27,Received
PO202607070151,SUP013,North Coast Distribution,P0210,2026-07-07,2026-07-25,9,6665.36,Received
PO202607070151,SUP014,MegaHome Supply,P0129,2026-07-07,2026-07-23,8,13735.49,Partial
PO202607070152,SUP010,Prime IT Supply,P0276,2026-07-07,2026-07-26,76,28183.66,Received
PO202607070152,SUP004,Cairo Digital Trading,P0141,2026-07-07,2026-07-16,69,3552.41,Received
PO202607070152,SUP001,Tech Distribution Egypt,P0011,2026-07-07,2026-07-18,5,22441.65,Received
PO202607070153,SUP018,United Consumer Tech,P0035,2026-07-07,2026-07-26,63,10946.04,Open
PO202607070153,SUP018,United Consumer Tech,P0060,2026-07-07,2026-07-22,51,16091.24,Received
PO202607070153,SUP010,Prime IT Supply,P0143,2026-07-07,2026-07-18,58,22195.65,Approved
PO202607070154,SUP011,Global Accessories Egypt,P0007,2026-07-07,2026-07-24,101,1425.32,Received
PO202607070154,SUP004,Cairo Digital Trading,P0145,2026-07-07,2026-07-24,51,47032.26,Approved
PO202607070154,SUP010,Prime IT Supply,P0047,2026-07-07,2026-07-23,25,9070.82,Received
PO202607070155,SUP013,North Coast Distribution,P0221,2026-07-07,2026-07-26,8,44711.05,Received
PO202607070155,SUP002,Delta Electronics Supply,P0157,2026-07-07,2026-07-12,74,13469.72,Received
PO202607070155,SUP005,Alex Import & Trade,P0106,2026-07-07,2026-07-11,117,13267.12,Approved
PO202607070156,SUP013,North Coast Distribution,P0213,2026-07-07,2026-07-15,110,2451.75,Received
PO202607070156,SUP008,Future Appliances,P0182,2026-07-07,2026-07-22,61,11179.52,Approved
PO202607070156,SUP010,Prime IT Supply,P0192,2026-07-07,2026-07-12,51,943.70,Open
PO202607070157,SUP016,Pioneer Retail Supplies,P0276,2026-07-07,2026-07-13,90,26047.64,Received
PO202607070157,SUP018,United Consumer Tech,P0090,2026-07-07,2026-07-15,67,757.70,Approved
PO202607070157,SUP011,Global Accessories Egypt,P0212,2026-07-07,2026-07-19,106,155.04,Received
PO202607070158,SUP015,Digital Gate,P0238,2026-07-07,2026-07-15,74,11075.49,Approved
PO202607070158,SUP005,Alex Import & Trade,P0241,2026-07-07,2026-07-23,19,63407.03,Received
PO202607070158,SUP003,Nile Retail Supply,P0240,2026-07-07,2026-07-26,29,4409.97,Approved
PO202607070159,SUP004,Cairo Digital Trading,P0004,2026-07-07,2026-07-27,47,11956.56,Approved
PO202607070159,SUP014,MegaHome Supply,P0251,2026-07-07,2026-07-14,43,28287.62,Received
PO202607070159,SUP012,Canal Trading Co.,P0306,2026-07-07,2026-07-26,43,4378.16,Partial
PO202607070160,SUP003,Nile Retail Supply,P0157,2026-07-07,2026-07-20,28,12005.95,Open
PO202607070160,SUP001,Tech Distribution Egypt,P0116,2026-07-07,2026-07-15,16,3297.25,Received
PO202607070160,SUP018,United Consumer Tech,P0209,2026-07-07,2026-07-13,15,1469.31,Received
PO202607070161,SUP017,ElectroHub Egypt,P0014,2026-07-07,2026-07-19,94,20288.20,Approved
PO202607070161,SUP005,Alex Import & Trade,P0159,2026-07-07,2026-07-15,84,50450.95,Partial
PO202607070161,SUP006,Smart Devices MENA,P0090,2026-07-07,2026-07-10,30,761.80,Approved
PO202607070162,SUP005,Alex Import & Trade,P0284,2026-07-07,2026-07-15,13,2859.99,Partial
PO202607070162,SUP008,Future Appliances,P0295,2026-07-07,2026-07-15,78,16947.11,Approved
PO202607070162,SUP017,ElectroHub Egypt,P0040,2026-07-07,2026-07-21,85,5891.68,Open
PO202607070163,SUP001,Tech Distribution Egypt,P0235,2026-07-07,2026-07-17,93,2250.54,Approved
PO202607070163,SUP010,Prime IT Supply,P0140,2026-07-07,2026-07-12,59,2978.00,Open
PO202607070163,SUP013,North Coast Distribution,P0125,2026-07-07,2026-07-16,92,29696.11,Partial
PO202607070164,SUP010,Prime IT Supply,P0059,2026-07-07,2026-07-12,75,31071.07,Approved
PO202607070164,SUP009,Arabian Electronics,P0316,2026-07-07,2026-07-10,62,8213.27,Partial
PO202607070164,SUP005,Alex Import & Trade,P0109,2026-07-07,2026-07-14,108,62548.49,Received
PO202607070165,SUP013,North Coast Distribution,P0168,2026-07-07,2026-07-12,68,3032.95,Received
PO202607070165,SUP016,Pioneer Retail Supplies,P0166,2026-07-07,2026-07-20,24,1843.57,Received
PO202607070165,SUP005,Alex Import & Trade,P0048,2026-07-07,2026-07-09,90,3668.19,Open
PO202607070166,SUP016,Pioneer Retail Supplies,P0180,2026-07-07,2026-07-26,86,7085.21,Approved
PO202607070166,SUP011,Global Accessories Egypt,P0251,2026-07-07,2026-07-14,103,28650.61,Approved
PO202607070166,SUP011,Global Accessories Egypt,P0006,2026-07-07,2026-07-09,100,6733.11,Received
PO202607070167,SUP012,Canal Trading Co.,P0280,2026-07-07,2026-07-10,110,4406.86,Received
PO202607070167,SUP006,Smart Devices MENA,P0080,2026-07-07,2026-07-27,7,1317.97,Received
PO202607070167,SUP007,HomeTech Distributors,P0040,2026-07-07,2026-07-11,50,6154.19,Approved
PO202607070168,SUP004,Cairo Digital Trading,P0274,2026-07-07,2026-07-27,112,19218.67,Received
PO202607070168,SUP008,Future Appliances,P0036,2026-07-07,2026-07-14,15,17308.40,Approved
PO202607070168,SUP017,ElectroHub Egypt,P0247,2026-07-07,2026-07-25,76,8177.29,Received
PO202607070169,SUP017,ElectroHub Egypt,P0112,2026-07-07,2026-07-19,88,6562.47,Approved
PO202607070169,SUP012,Canal Trading Co.,P0207,2026-07-07,2026-07-11,21,35818.31,Received
PO202607070169,SUP015,Digital Gate,P0147,2026-07-07,2026-07-17,81,8088.50,Received
PO202607070170,SUP018,United Consumer Tech,P0172,2026-07-07,2026-07-27,112,12043.70,Open
PO202607070170,SUP007,HomeTech Distributors,P0217,2026-07-07,2026-07-16,80,30926.25,Approved
PO202607070170,SUP011,Global Accessories Egypt,P0023,2026-07-07,2026-07-14,52,13808.90,Received
PO202607070171,SUP018,United Consumer Tech,P0248,2026-07-07,2026-07-23,30,2203.33,Received
PO202607070171,SUP016,Pioneer Retail Supplies,P0296,2026-07-07,2026-07-10,29,1643.60,Received
PO202607070171,SUP004,Cairo Digital Trading,P0014,2026-07-07,2026-07-25,95,19714.07,Received
PO202607070172,SUP010,Prime IT Supply,P0250,2026-07-07,2026-07-16,5,35735.36,Received
PO202607070172,SUP008,Future Appliances,P0268,2026-07-07,2026-07-19,111,6278.51,Open
PO202607070172,SUP008,Future Appliances,P0265,2026-07-07,2026-07-26,55,55034.47,Open
PO202607070173,SUP004,Cairo Digital Trading,P0160,2026-07-07,2026-07-13,24,2769.90,Approved
PO202607070173,SUP004,Cairo Digital Trading,P0249,2026-07-07,2026-07-12,17,48553.66,Received
PO202607070173,SUP014,MegaHome Supply,P0036,2026-07-07,2026-07-12,84,17420.26,Open
PO202607070174,SUP001,Tech Distribution Egypt,P0223,2026-07-07,2026-07-27,104,6306.49,Received
PO202607070174,SUP009,Arabian Electronics,P0192,2026-07-07,2026-07-09,42,1034.15,Received
PO202607070174,SUP014,MegaHome Supply,P0302,2026-07-07,2026-07-12,98,40944.35,Received
PO202607070175,SUP013,North Coast Distribution,P0100,2026-07-07,2026-07-24,53,10969.66,Open
PO202607070175,SUP010,Prime IT Supply,P0107,2026-07-07,2026-07-11,14,41755.09,Open
PO202607070175,SUP004,Cairo Digital Trading,P0216,2026-07-07,2026-07-14,104,1719.93,Approved
PO202607070176,SUP017,ElectroHub Egypt,P0210,2026-07-07,2026-07-12,34,7626.65,Received
PO202607070176,SUP012,Canal Trading Co.,P0149,2026-07-07,2026-07-27,29,50304.40,Approved
PO202607070176,SUP010,Prime IT Supply,P0055,2026-07-07,2026-07-12,11,12936.63,Received
PO202607070177,SUP008,Future Appliances,P0313,2026-07-07,2026-07-23,28,47106.95,Received
PO202607070177,SUP016,Pioneer Retail Supplies,P0204,2026-07-07,2026-07-22,53,29063.65,Received
PO202607070177,SUP017,ElectroHub Egypt,P0049,2026-07-07,2026-07-13,64,18532.71,Approved
PO202607070178,SUP016,Pioneer Retail Supplies,P0095,2026-07-07,2026-07-16,21,20470.94,Received
PO202607070178,SUP002,Delta Electronics Supply,P0300,2026-07-07,2026-07-19,34,21924.06,Open
PO202607070178,SUP015,Digital Gate,P0305,2026-07-07,2026-07-11,84,2920.00,Approved
PO202607070179,SUP018,United Consumer Tech,P0098,2026-07-07,2026-07-14,76,23002.87,Approved
PO202607070179,SUP013,North Coast Distribution,P0224,2026-07-07,2026-07-15,14,994.75,Received
PO202607070179,SUP014,MegaHome Supply,P0049,2026-07-07,2026-07-22,68,17590.05,Open
PO202607070180,SUP005,Alex Import & Trade,P0284,2026-07-07,2026-07-26,74,2844.77,Open
PO202607070180,SUP009,Arabian Electronics,P0317,2026-07-07,2026-07-12,112,45552.70,Received
PO202607070180,SUP007,HomeTech Distributors,P0040,2026-07-07,2026-07-12,119,6184.08,Approved
PO202607070181,SUP008,Future Appliances,P0143,2026-07-07,2026-07-24,119,21969.05,Received
PO202607070181,SUP003,Nile Retail Supply,P0058,2026-07-07,2026-07-12,33,10600.10,Open
PO202607070181,SUP016,Pioneer Retail Supplies,P0105,2026-07-07,2026-07-26,8,37737.43,Received
PO202607070182,SUP008,Future Appliances,P0038,2026-07-07,2026-07-17,82,7815.04,Approved
PO202607070182,SUP008,Future Appliances,P0175,2026-07-07,2026-07-17,37,9798.20,Received
PO202607070182,SUP012,Canal Trading Co.,P0052,2026-07-07,2026-07-21,13,11867.89,Open
PO202607070183,SUP007,HomeTech Distributors,P0053,2026-07-07,2026-07-22,27,25108.50,Partial
PO202607070183,SUP012,Canal Trading Co.,P0125,2026-07-07,2026-07-23,116,34473.92,Partial
PO202607070183,SUP006,Smart Devices MENA,P0043,2026-07-07,2026-07-13,99,1212.33,Received
PO202607070184,SUP018,United Consumer Tech,P0021,2026-07-07,2026-07-22,96,1560.08,Approved
PO202607070184,SUP010,Prime IT Supply,P0029,2026-07-07,2026-07-09,66,7967.73,Received
PO202607070184,SUP002,Delta Electronics Supply,P0118,2026-07-07,2026-07-11,77,5222.18,Received
PO202607070185,SUP005,Alex Import & Trade,P0296,2026-07-07,2026-07-10,33,1594.59,Partial
PO202607070185,SUP016,Pioneer Retail Supplies,P0095,2026-07-07,2026-07-16,98,19345.45,Received
PO202607070185,SUP011,Global Accessories Egypt,P0224,2026-07-07,2026-07-21,77,1161.92,Received
PO202607070186,SUP014,MegaHome Supply,P0011,2026-07-07,2026-07-19,21,26186.99,Approved
PO202607070186,SUP015,Digital Gate,P0097,2026-07-07,2026-07-10,110,25121.57,Received
PO202607070186,SUP014,MegaHome Supply,P0221,2026-07-07,2026-07-22,12,43397.59,Received
PO202607070187,SUP008,Future Appliances,P0318,2026-07-07,2026-07-19,66,34337.68,Open
PO202607070187,SUP007,HomeTech Distributors,P0043,2026-07-07,2026-07-09,110,1145.32,Approved
PO202607070187,SUP016,Pioneer Retail Supplies,P0009,2026-07-07,2026-07-27,37,54492.39,Received
PO202607070188,SUP004,Cairo Digital Trading,P0227,2026-07-07,2026-07-24,108,15940.21,Approved
PO202607070188,SUP011,Global Accessories Egypt,P0095,2026-07-07,2026-07-22,59,22475.34,Received
PO202607070188,SUP015,Digital Gate,P0037,2026-07-07,2026-07-27,20,35217.22,Open
PO202607070189,SUP007,HomeTech Distributors,P0159,2026-07-07,2026-07-26,67,54071.90,Approved
PO202607070189,SUP007,HomeTech Distributors,P0018,2026-07-07,2026-07-19,77,4762.33,Approved
PO202607070189,SUP015,Digital Gate,P0176,2026-07-07,2026-07-15,49,1043.94,Received
PO202607070190,SUP009,Arabian Electronics,P0140,2026-07-07,2026-07-27,85,3145.50,Received
PO202607070190,SUP003,Nile Retail Supply,P0230,2026-07-07,2026-07-15,26,8780.88,Received
PO202607070190,SUP017,ElectroHub Egypt,P0034,2026-07-07,2026-07-22,66,27051.43,Approved
PO202607070191,SUP003,Nile Retail Supply,P0094,2026-07-07,2026-07-13,53,4849.50,Received
PO202607070191,SUP003,Nile Retail Supply,P0319,2026-07-07,2026-07-09,46,10375.37,Open
PO202607070191,SUP008,Future Appliances,P0018,2026-07-07,2026-07-13,74,4376.34,Received
PO202607070192,SUP016,Pioneer Retail Supplies,P0145,2026-07-07,2026-07-25,80,49587.62,Partial
PO202607070192,SUP011,Global Accessories Egypt,P0212,2026-07-07,2026-07-11,60,181.91,Approved
PO202607070192,SUP012,Canal Trading Co.,P0276,2026-07-07,2026-07-26,9,28771.55,Received
PO202607070193,SUP018,United Consumer Tech,P0258,2026-07-07,2026-07-24,104,7342.41,Received
PO202607070193,SUP009,Arabian Electronics,P0231,2026-07-07,2026-07-22,49,28596.56,Approved
PO202607070193,SUP013,North Coast Distribution,P0189,2026-07-07,2026-07-14,55,660.36,Received
PO202607070194,SUP003,Nile Retail Supply,P0090,2026-07-07,2026-07-10,41,699.33,Received
PO202607070194,SUP005,Alex Import & Trade,P0140,2026-07-07,2026-07-17,74,3468.20,Approved
PO202607070194,SUP009,Arabian Electronics,P0244,2026-07-07,2026-07-12,16,3538.26,Open
PO202607070195,SUP008,Future Appliances,P0117,2026-07-07,2026-07-10,99,1765.89,Approved
PO202607070195,SUP011,Global Accessories Egypt,P0190,2026-07-07,2026-07-25,19,18762.43,Received
PO202607070195,SUP008,Future Appliances,P0002,2026-07-07,2026-07-25,62,12663.81,Open
PO202607070196,SUP012,Canal Trading Co.,P0258,2026-07-07,2026-07-17,57,8550.53,Received
PO202607070196,SUP004,Cairo Digital Trading,P0164,2026-07-07,2026-07-27,56,2984.40,Partial
PO202607070196,SUP005,Alex Import & Trade,P0172,2026-07-07,2026-07-18,31,13761.60,Received
PO202607070197,SUP017,ElectroHub Egypt,P0034,2026-07-07,2026-07-23,72,22191.87,Received
PO202607070197,SUP003,Nile Retail Supply,P0153,2026-07-07,2026-07-15,53,28951.04,Open
PO202607070197,SUP013,North Coast Distribution,P0134,2026-07-07,2026-07-15,18,9079.54,Open
PO202607070198,SUP011,Global Accessories Egypt,P0225,2026-07-07,2026-07-14,98,44619.28,Received
PO202607070198,SUP017,ElectroHub Egypt,P0175,2026-07-07,2026-07-16,49,9655.22,Approved
PO202607070198,SUP014,MegaHome Supply,P0107,2026-07-07,2026-07-19,85,45770.94,Received
PO202607070199,SUP014,MegaHome Supply,P0059,2026-07-07,2026-07-12,65,29714.37,Received
PO202607070199,SUP011,Global Accessories Egypt,P0022,2026-07-07,2026-07-27,113,4236.71,Partial
PO202607070199,SUP015,Digital Gate,P0119,2026-07-07,2026-07-23,115,2380.33,Open
PO202607070200,SUP003,Nile Retail Supply,P0041,2026-07-07,2026-07-16,74,2392.14,Open
PO202607070200,SUP007,HomeTech Distributors,P0295,2026-07-07,2026-07-23,27,16088.72,Received
PO202607070200,SUP005,Alex Import & Trade,P0270,2026-07-07,2026-07-21,53,26670.06,Approved
PO202607070201,SUP017,ElectroHub Egypt,P0035,2026-07-07,2026-07-14,16,10130.88,Received
PO202607070201,SUP013,North Coast Distribution,P0011,2026-07-07,2026-07-14,119,22814.04,Partial
PO202607070201,SUP002,Delta Electronics Supply,P0199,2026-07-07,2026-07-18,49,13848.17,Open
PO202607070202,SUP018,United Consumer Tech,P0311,2026-07-07,2026-07-22,41,14351.67,Open
PO202607070202,SUP006,Smart Devices MENA,P0153,2026-07-07,2026-07-21,22,30387.79,Received
PO202607070202,SUP010,Prime IT Supply,P0149,2026-07-07,2026-07-15,81,57493.74,Received
PO202607070203,SUP001,Tech Distribution Egypt,P0132,2026-07-07,2026-07-20,28,13863.15,Received
PO202607070203,SUP003,Nile Retail Supply,P0315,2026-07-07,2026-07-24,77,1618.70,Received
PO202607070203,SUP007,HomeTech Distributors,P0046,2026-07-07,2026-07-10,41,17262.55,Received
PO202607070204,SUP010,Prime IT Supply,P0286,2026-07-07,2026-07-17,71,12254.45,Approved
PO202607070204,SUP014,MegaHome Supply,P0226,2026-07-07,2026-07-10,37,36659.69,Approved
PO202607070204,SUP010,Prime IT Supply,P0307,2026-07-07,2026-07-26,64,3410.58,Received
PO202607070205,SUP002,Delta Electronics Supply,P0171,2026-07-07,2026-07-27,48,4549.53,Open
PO202607070205,SUP012,Canal Trading Co.,P0282,2026-07-07,2026-07-26,57,2756.09,Received
PO202607070205,SUP010,Prime IT Supply,P0210,2026-07-07,2026-07-14,10,6313.70,Approved
PO202607070206,SUP004,Cairo Digital Trading,P0193,2026-07-07,2026-07-13,60,26828.21,Received
PO202607070206,SUP014,MegaHome Supply,P0265,2026-07-07,2026-07-27,30,62077.84,Approved
PO202607070206,SUP007,HomeTech Distributors,P0054,2026-07-07,2026-07-18,35,15375.80,Open
PO202607070207,SUP018,United Consumer Tech,P0209,2026-07-07,2026-07-25,21,1269.47,Open
PO202607070207,SUP015,Digital Gate,P0023,2026-07-07,2026-07-21,61,12611.09,Received
PO202607070207,SUP016,Pioneer Retail Supplies,P0234,2026-07-07,2026-07-15,42,7663.11,Open
PO202607070208,SUP012,Canal Trading Co.,P0095,2026-07-07,2026-07-14,69,19509.76,Received
PO202607070208,SUP018,United Consumer Tech,P0106,2026-07-07,2026-07-24,13,13050.03,Received
PO202607070208,SUP005,Alex Import & Trade,P0191,2026-07-07,2026-07-27,61,19243.26,Partial
PO202607070209,SUP014,MegaHome Supply,P0256,2026-07-07,2026-07-12,24,3447.71,Received
PO202607070209,SUP001,Tech Distribution Egypt,P0193,2026-07-07,2026-07-10,7,25104.53,Approved
PO202607070209,SUP001,Tech Distribution Egypt,P0197,2026-07-07,2026-07-21,35,10848.17,Approved
PO202607070210,SUP016,Pioneer Retail Supplies,P0190,2026-07-07,2026-07-17,88,16914.87,Open
PO202607070210,SUP009,Arabian Electronics,P0315,2026-07-07,2026-07-18,100,1685.87,Approved
PO202607070210,SUP018,United Consumer Tech,P0269,2026-07-07,2026-07-22,114,17438.42,Open
PO202607070211,SUP010,Prime IT Supply,P0169,2026-07-07,2026-07-20,84,43675.45,Partial
PO202607070211,SUP006,Smart Devices MENA,P0202,2026-07-07,2026-07-27,34,12205.09,Received
PO202607070211,SUP010,Prime IT Supply,P0138,2026-07-07,2026-07-18,11,937.08,Open
PO202607070212,SUP018,United Consumer Tech,P0116,2026-07-07,2026-07-26,117,3336.00,Open
PO202607070212,SUP008,Future Appliances,P0273,2026-07-07,2026-07-25,73,14645.39,Approved
PO202607070212,SUP015,Digital Gate,P0175,2026-07-07,2026-07-20,108,9751.54,Open
PO202607070213,SUP009,Arabian Electronics,P0006,2026-07-07,2026-07-21,27,6191.80,Open
PO202607070213,SUP015,Digital Gate,P0048,2026-07-07,2026-07-10,61,3311.75,Received
PO202607070213,SUP010,Prime IT Supply,P0229,2026-07-07,2026-07-21,110,60007.79,Approved
PO202607070214,SUP010,Prime IT Supply,P0019,2026-07-07,2026-07-18,109,3251.76,Approved
PO202607070214,SUP007,HomeTech Distributors,P0171,2026-07-07,2026-07-25,71,5525.48,Approved
PO202607070214,SUP003,Nile Retail Supply,P0169,2026-07-07,2026-07-10,37,44838.89,Approved
PO202607070215,SUP010,Prime IT Supply,P0050,2026-07-07,2026-07-27,26,13260.75,Received
PO202607070215,SUP010,Prime IT Supply,P0088,2026-07-07,2026-07-19,109,1538.94,Approved
PO202607070215,SUP002,Delta Electronics Supply,P0288,2026-07-07,2026-07-13,43,2234.63,Received
PO202607070216,SUP011,Global Accessories Egypt,P0021,2026-07-07,2026-07-20,15,1391.90,Received
PO202607070216,SUP002,Delta Electronics Supply,P0244,2026-07-07,2026-07-22,67,3288.66,Approved
PO202607070216,SUP009,Arabian Electronics,P0181,2026-07-07,2026-07-24,114,27258.49,Open
PO202607070217,SUP001,Tech Distribution Egypt,P0260,2026-07-07,2026-07-21,31,2790.96,Received
PO202607070217,SUP009,Arabian Electronics,P0231,2026-07-07,2026-07-14,37,26164.64,Approved
PO202607070217,SUP001,Tech Distribution Egypt,P0228,2026-07-07,2026-07-27,55,15742.57,Approved
PO202607070218,SUP016,Pioneer Retail Supplies,P0302,2026-07-07,2026-07-27,109,34667.41,Approved
PO202607070218,SUP018,United Consumer Tech,P0084,2026-07-07,2026-07-10,38,24903.30,Open
PO202607070218,SUP002,Delta Electronics Supply,P0116,2026-07-07,2026-07-17,19,3621.95,Received
PO202607070219,SUP014,MegaHome Supply,P0305,2026-07-07,2026-07-18,76,3029.98,Approved
PO202607070219,SUP001,Tech Distribution Egypt,P0264,2026-07-07,2026-07-09,78,884.57,Approved
PO202607070219,SUP016,Pioneer Retail Supplies,P0050,2026-07-07,2026-07-25,17,11827.44,Received
PO202607070220,SUP011,Global Accessories Egypt,P0199,2026-07-07,2026-07-14,76,12399.37,Approved
PO202607070220,SUP009,Arabian Electronics,P0059,2026-07-07,2026-07-23,87,30072.63,Received
PO202607070220,SUP001,Tech Distribution Egypt,P0015,2026-07-07,2026-07-12,103,40458.88,Approved
PO202607070221,SUP007,HomeTech Distributors,P0308,2026-07-07,2026-07-19,109,969.70,Approved
PO202607070221,SUP003,Nile Retail Supply,P0201,2026-07-07,2026-07-14,29,55668.77,Received
PO202607070221,SUP013,North Coast Distribution,P0038,2026-07-07,2026-07-13,14,7967.64,Open
PO202607070222,SUP014,MegaHome Supply,P0292,2026-07-07,2026-07-10,72,8935.07,Open
PO202607070222,SUP017,ElectroHub Egypt,P0047,2026-07-07,2026-07-14,61,8380.29,Approved
PO202607070222,SUP015,Digital Gate,P0103,2026-07-07,2026-07-23,104,2734.43,Approved
PO202607070223,SUP002,Delta Electronics Supply,P0209,2026-07-07,2026-07-15,39,1439.70,Received
PO202607070223,SUP006,Smart Devices MENA,P0223,2026-07-07,2026-07-18,118,6465.82,Open
PO202607070223,SUP007,HomeTech Distributors,P0011,2026-07-07,2026-07-18,112,23961.45,Approved
PO202607070224,SUP015,Digital Gate,P0007,2026-07-07,2026-07-21,31,1343.89,Approved
PO202607070224,SUP015,Digital Gate,P0092,2026-07-07,2026-07-24,26,1431.58,Approved
PO202607070224,SUP004,Cairo Digital Trading,P0146,2026-07-07,2026-07-25,115,9716.93,Received
PO202607070225,SUP005,Alex Import & Trade,P0319,2026-07-07,2026-07-22,95,9224.35,Received
PO202607070225,SUP004,Cairo Digital Trading,P0146,2026-07-07,2026-07-19,107,10259.82,Received
PO202607070225,SUP001,Tech Distribution Egypt,P0094,2026-07-07,2026-07-11,62,5595.31,Approved
PO202607070226,SUP004,Cairo Digital Trading,P0191,2026-07-07,2026-07-27,107,18390.60,Approved
PO202607070226,SUP011,Global Accessories Egypt,P0065,2026-07-07,2026-07-27,46,4672.06,Received
PO202607070226,SUP004,Cairo Digital Trading,P0210,2026-07-07,2026-07-27,13,6877.83,Received
PO202607070227,SUP002,Delta Electronics Supply,P0166,2026-07-07,2026-07-16,62,1992.32,Received
PO202607070227,SUP002,Delta Electronics Supply,P0112,2026-07-07,2026-07-17,50,6338.85,Received
PO202607070227,SUP015,Digital Gate,P0014,2026-07-07,2026-07-19,76,20166.90,Approved
PO202607070228,SUP011,Global Accessories Egypt,P0193,2026-07-07,2026-07-21,8,29462.09,Received
PO202607070228,SUP017,ElectroHub Egypt,P0268,2026-07-07,2026-07-24,35,6461.30,Partial
PO202607070228,SUP009,Arabian Electronics,P0275,2026-07-07,2026-07-21,119,42425.95,Approved
PO202607070229,SUP012,Canal Trading Co.,P0036,2026-07-07,2026-07-11,117,18364.21,Received
PO202607070229,SUP009,Arabian Electronics,P0050,2026-07-07,2026-07-18,73,12567.95,Received
PO202607070229,SUP015,Digital Gate,P0163,2026-07-07,2026-07-17,51,819.11,Approved
PO202607070230,SUP007,HomeTech Distributors,P0089,2026-07-07,2026-07-20,23,2181.86,Approved
PO202607070230,SUP008,Future Appliances,P0319,2026-07-07,2026-07-17,82,9702.69,Received
PO202607070230,SUP006,Smart Devices MENA,P0014,2026-07-07,2026-07-10,101,20123.74,Open
PO202607070231,SUP017,ElectroHub Egypt,P0241,2026-07-07,2026-07-19,79,62216.84,Received
PO202607070231,SUP006,Smart Devices MENA,P0130,2026-07-07,2026-07-20,72,30562.81,Open
PO202607070231,SUP003,Nile Retail Supply,P0319,2026-07-07,2026-07-19,50,11095.49,Approved
PO202607070232,SUP009,Arabian Electronics,P0159,2026-07-07,2026-07-21,55,49106.18,Approved
PO202607070232,SUP015,Digital Gate,P0193,2026-07-07,2026-07-24,9,25106.20,Received
PO202607070232,SUP004,Cairo Digital Trading,P0243,2026-07-07,2026-07-25,59,7787.51,Open
PO202607070233,SUP005,Alex Import & Trade,P0005,2026-07-07,2026-07-27,41,39203.21,Received
PO202607070233,SUP011,Global Accessories Egypt,P0106,2026-07-07,2026-07-22,52,12764.10,Open
PO202607070233,SUP004,Cairo Digital Trading,P0270,2026-07-07,2026-07-25,62,28917.99,Received
PO202607070234,SUP001,Tech Distribution Egypt,P0047,2026-07-07,2026-07-24,88,8828.12,Received
PO202607070234,SUP013,North Coast Distribution,P0227,2026-07-07,2026-07-25,80,14805.64,Approved
PO202607070234,SUP009,Arabian Electronics,P0201,2026-07-07,2026-07-20,20,59265.44,Received
PO202607070235,SUP008,Future Appliances,P0265,2026-07-07,2026-07-09,14,60684.03,Approved
PO202607070235,SUP018,United Consumer Tech,P0167,2026-07-07,2026-07-27,19,11641.91,Approved
PO202607070235,SUP017,ElectroHub Egypt,P0176,2026-07-07,2026-07-17,73,1196.90,Partial
PO202607070236,SUP017,ElectroHub Egypt,P0039,2026-07-07,2026-07-25,102,55564.07,Received
PO202607070236,SUP007,HomeTech Distributors,P0124,2026-07-07,2026-07-21,38,789.53,Approved
PO202607070236,SUP003,Nile Retail Supply,P0199,2026-07-07,2026-07-16,77,13084.79,Received
PO202607070237,SUP015,Digital Gate,P0071,2026-07-07,2026-07-09,104,3581.77,Received
PO202607070237,SUP005,Alex Import & Trade,P0308,2026-07-07,2026-07-09,50,929.54,Approved
PO202607070237,SUP016,Pioneer Retail Supplies,P0039,2026-07-07,2026-07-09,94,54880.87,Received
PO202607070238,SUP012,Canal Trading Co.,P0300,2026-07-07,2026-07-12,19,23357.22,Received
PO202607070238,SUP014,MegaHome Supply,P0173,2026-07-07,2026-07-25,109,6209.77,Approved
PO202607070238,SUP014,MegaHome Supply,P0041,2026-07-07,2026-07-17,21,2416.90,Received
PO202607070239,SUP001,Tech Distribution Egypt,P0180,2026-07-07,2026-07-12,82,6943.57,Received
PO202607070239,SUP006,Smart Devices MENA,P0234,2026-07-07,2026-07-15,92,7852.57,Approved
PO202607070239,SUP014,MegaHome Supply,P0249,2026-07-07,2026-07-25,96,42260.86,Approved
PO202607070240,SUP010,Prime IT Supply,P0260,2026-07-07,2026-07-18,32,3159.90,Approved
PO202607070240,SUP004,Cairo Digital Trading,P0125,2026-07-07,2026-07-27,19,31265.48,Approved
PO202607070240,SUP008,Future Appliances,P0310,2026-07-07,2026-07-16,103,10284.74,Received
PO202607070241,SUP013,North Coast Distribution,P0110,2026-07-07,2026-07-24,8,35799.46,Received
PO202607070241,SUP004,Cairo Digital Trading,P0034,2026-07-07,2026-07-16,64,24432.67,Received
PO202607070241,SUP011,Global Accessories Egypt,P0249,2026-07-07,2026-07-14,87,45734.71,Approved
PO202607070242,SUP002,Delta Electronics Supply,P0232,2026-07-07,2026-07-19,65,4299.84,Received
PO202607070242,SUP009,Arabian Electronics,P0041,2026-07-07,2026-07-22,73,2114.56,Received
PO202607070242,SUP016,Pioneer Retail Supplies,P0218,2026-07-07,2026-07-10,92,8274.96,Received
PO202607070243,SUP018,United Consumer Tech,P0261,2026-07-07,2026-07-26,112,3460.70,Partial
PO202607070243,SUP013,North Coast Distribution,P0166,2026-07-07,2026-07-25,54,1925.06,Open
PO202607070243,SUP017,ElectroHub Egypt,P0301,2026-07-07,2026-07-14,62,56295.76,Received
PO202607070244,SUP018,United Consumer Tech,P0303,2026-07-07,2026-07-12,28,12184.28,Received
PO202607070244,SUP002,Delta Electronics Supply,P0247,2026-07-07,2026-07-18,99,8048.46,Received
PO202607070244,SUP002,Delta Electronics Supply,P0027,2026-07-07,2026-07-26,17,5500.40,Partial
PO202607070245,SUP013,North Coast Distribution,P0108,2026-07-07,2026-07-27,119,9193.61,Open
PO202607070245,SUP009,Arabian Electronics,P0003,2026-07-07,2026-07-27,18,1937.33,Received
PO202607070245,SUP002,Delta Electronics Supply,P0088,2026-07-07,2026-07-11,58,1362.27,Approved
PO202607070246,SUP014,MegaHome Supply,P0138,2026-07-07,2026-07-23,96,970.56,Open
PO202607070246,SUP011,Global Accessories Egypt,P0158,2026-07-07,2026-07-24,91,4419.31,Received
PO202607070246,SUP004,Cairo Digital Trading,P0209,2026-07-07,2026-07-16,116,1433.51,Received
PO202607070247,SUP010,Prime IT Supply,P0286,2026-07-07,2026-07-12,21,13018.22,Approved
PO202607070247,SUP014,MegaHome Supply,P0027,2026-07-07,2026-07-12,97,5506.44,Approved
PO202607070247,SUP004,Cairo Digital Trading,P0276,2026-07-07,2026-07-17,61,28972.12,Received
PO202607070248,SUP004,Cairo Digital Trading,P0128,2026-07-07,2026-07-18,74,2127.18,Received
PO202607070248,SUP011,Global Accessories Egypt,P0085,2026-07-07,2026-07-27,48,59128.13,Received
PO202607070248,SUP017,ElectroHub Egypt,P0243,2026-07-07,2026-07-10,81,6575.04,Received
PO202607070249,SUP010,Prime IT Supply,P0156,2026-07-07,2026-07-20,62,29663.32,Partial
PO202607070249,SUP003,Nile Retail Supply,P0116,2026-07-07,2026-07-09,57,3534.74,Open
PO202607070249,SUP012,Canal Trading Co.,P0101,2026-07-07,2026-07-10,9,13198.36,Received
PO202607070250,SUP017,ElectroHub Egypt,P0061,2026-07-07,2026-07-24,83,43922.46,Received
PO202607070250,SUP015,Digital Gate,P0283,2026-07-07,2026-07-18,75,409.93,Open
PO202607070250,SUP007,HomeTech Distributors,P0228,2026-07-07,2026-07-15,98,16939.49,Open
PO202607070251,SUP011,Global Accessories Egypt,P0127,2026-07-07,2026-07-27,34,17559.49,Received
PO202607070251,SUP011,Global Accessories Egypt,P0125,2026-07-07,2026-07-22,108,33694.23,Approved
PO202607070251,SUP009,Arabian Electronics,P0118,2026-07-07,2026-07-21,61,5345.13,Open
PO202607070252,SUP006,Smart Devices MENA,P0248,2026-07-07,2026-07-10,24,2102.27,Open
PO202607070252,SUP007,HomeTech Distributors,P0188,2026-07-07,2026-07-15,39,3761.79,Open
PO202607070252,SUP015,Digital Gate,P0067,2026-07-07,2026-07-25,28,3073.55,Approved
PO202607070253,SUP007,HomeTech Distributors,P0243,2026-07-07,2026-07-10,12,7395.47,Partial
PO202607070253,SUP017,ElectroHub Egypt,P0074,2026-07-07,2026-07-21,71,17111.73,Received
PO202607070253,SUP007,HomeTech Distributors,P0102,2026-07-07,2026-07-24,18,33002.91,Approved
PO202607070254,SUP007,HomeTech Distributors,P0112,2026-07-07,2026-07-15,94,6246.09,Approved
PO202607070254,SUP005,Alex Import & Trade,P0232,2026-07-07,2026-07-14,116,4490.65,Approved
PO202607070254,SUP009,Arabian Electronics,P0195,2026-07-07,2026-07-25,90,4841.95,Approved
PO202607070255,SUP005,Alex Import & Trade,P0129,2026-07-07,2026-07-11,30,13115.47,Received
PO202607070255,SUP014,MegaHome Supply,P0181,2026-07-07,2026-07-21,23,29932.82,Approved
PO202607070255,SUP011,Global Accessories Egypt,P0097,2026-07-07,2026-07-22,45,24206.12,Approved
PO202607070256,SUP016,Pioneer Retail Supplies,P0021,2026-07-07,2026-07-15,40,1639.04,Approved
PO202607070256,SUP014,MegaHome Supply,P0020,2026-07-07,2026-07-27,46,696.52,Open
PO202607070256,SUP007,HomeTech Distributors,P0064,2026-07-07,2026-07-20,117,2739.52,Partial
PO202607070257,SUP005,Alex Import & Trade,P0248,2026-07-07,2026-07-16,58,2021.94,Open
PO202607070257,SUP009,Arabian Electronics,P0111,2026-07-07,2026-07-10,7,23276.02,Open
PO202607070257,SUP013,North Coast Distribution,P0030,2026-07-07,2026-07-09,7,17510.40,Received
PO202607070258,SUP005,Alex Import & Trade,P0291,2026-07-07,2026-07-15,17,4677.12,Partial
PO202607070258,SUP010,Prime IT Supply,P0028,2026-07-07,2026-07-15,84,9514.37,Approved
PO202607070258,SUP004,Cairo Digital Trading,P0175,2026-07-07,2026-07-23,45,9301.24,Received
PO202607070259,SUP017,ElectroHub Egypt,P0172,2026-07-07,2026-07-14,26,12243.64,Approved
PO202607070259,SUP012,Canal Trading Co.,P0132,2026-07-07,2026-07-13,105,11954.88,Approved
PO202607070259,SUP002,Delta Electronics Supply,P0112,2026-07-07,2026-07-15,101,6274.93,Received
PO202607070260,SUP015,Digital Gate,P0009,2026-07-07,2026-07-12,18,53446.24,Open
PO202607070260,SUP013,North Coast Distribution,P0261,2026-07-07,2026-07-27,70,3578.36,Open
PO202607070260,SUP018,United Consumer Tech,P0118,2026-07-07,2026-07-22,113,5354.87,Open
PO202607070261,SUP008,Future Appliances,P0142,2026-07-07,2026-07-22,47,12671.03,Received
PO202607070261,SUP004,Cairo Digital Trading,P0269,2026-07-07,2026-07-20,83,16912.41,Received
PO202607070261,SUP012,Canal Trading Co.,P0157,2026-07-07,2026-07-18,67,12955.48,Received
PO202607070262,SUP005,Alex Import & Trade,P0118,2026-07-07,2026-07-13,117,4629.58,Received
PO202607070262,SUP013,North Coast Distribution,P0232,2026-07-07,2026-07-16,110,4427.50,Approved
PO202607070262,SUP017,ElectroHub Egypt,P0216,2026-07-07,2026-07-17,113,1725.73,Open
PO202607070263,SUP015,Digital Gate,P0171,2026-07-07,2026-07-12,58,5321.88,Approved
PO202607070263,SUP010,Prime IT Supply,P0277,2026-07-07,2026-07-16,80,44326.58,Approved
PO202607070263,SUP001,Tech Distribution Egypt,P0185,2026-07-07,2026-07-24,46,3697.20,Approved
PO202607070264,SUP005,Alex Import & Trade,P0126,2026-07-07,2026-07-11,10,24861.73,Open
PO202607070264,SUP012,Canal Trading Co.,P0171,2026-07-07,2026-07-27,49,4591.26,Received
PO202607070264,SUP017,ElectroHub Egypt,P0077,2026-07-07,2026-07-12,112,46914.29,Partial
PO202607070265,SUP013,North Coast Distribution,P0271,2026-07-07,2026-07-15,53,14373.01,Received
PO202607070265,SUP004,Cairo Digital Trading,P0033,2026-07-07,2026-07-23,111,25536.33,Received
PO202607070265,SUP010,Prime IT Supply,P0048,2026-07-07,2026-07-10,86,3795.25,Approved
PO202607070266,SUP014,MegaHome Supply,P0247,2026-07-07,2026-07-26,64,8339.58,Approved
PO202607070266,SUP005,Alex Import & Trade,P0277,2026-07-07,2026-07-12,61,53519.88,Received
PO202607070266,SUP005,Alex Import & Trade,P0239,2026-07-07,2026-07-22,57,19727.93,Received
PO202607070267,SUP015,Digital Gate,P0068,2026-07-07,2026-07-09,96,3166.27,Approved
PO202607070267,SUP008,Future Appliances,P0265,2026-07-07,2026-07-19,11,59371.75,Partial
PO202607070267,SUP003,Nile Retail Supply,P0292,2026-07-07,2026-07-21,91,9630.20,Received
PO202607070268,SUP006,Smart Devices MENA,P0273,2026-07-07,2026-07-24,40,17125.39,Received
PO202607070268,SUP011,Global Accessories Egypt,P0201,2026-07-07,2026-07-12,97,52674.21,Approved
PO202607070268,SUP004,Cairo Digital Trading,P0066,2026-07-07,2026-07-14,15,6248.81,Open
PO202607070269,SUP004,Cairo Digital Trading,P0041,2026-07-07,2026-07-25,54,1990.17,Open
PO202607070269,SUP010,Prime IT Supply,P0027,2026-07-07,2026-07-27,89,6594.52,Approved
PO202607070269,SUP018,United Consumer Tech,P0128,2026-07-07,2026-07-18,65,2076.06,Received
PO202607070270,SUP012,Canal Trading Co.,P0029,2026-07-07,2026-07-18,58,8543.37,Approved
PO202607070270,SUP016,Pioneer Retail Supplies,P0214,2026-07-07,2026-07-10,82,13776.54,Received
PO202607070270,SUP015,Digital Gate,P0023,2026-07-07,2026-07-11,8,13666.92,Open
PO202607070271,SUP001,Tech Distribution Egypt,P0115,2026-07-07,2026-07-25,110,3512.62,Received
PO202607070271,SUP003,Nile Retail Supply,P0058,2026-07-07,2026-07-12,98,10605.74,Open
PO202607070271,SUP015,Digital Gate,P0169,2026-07-07,2026-07-11,51,45582.02,Approved
PO202607070272,SUP001,Tech Distribution Egypt,P0004,2026-07-07,2026-07-19,68,11272.09,Received
PO202607070272,SUP018,United Consumer Tech,P0220,2026-07-07,2026-07-18,116,11045.37,Open
PO202607070272,SUP008,Future Appliances,P0017,2026-07-07,2026-07-20,12,850.56,Received
PO202607070273,SUP007,HomeTech Distributors,P0153,2026-07-07,2026-07-14,67,26393.03,Received
PO202607070273,SUP016,Pioneer Retail Supplies,P0239,2026-07-07,2026-07-24,36,20462.02,Received
PO202607070273,SUP016,Pioneer Retail Supplies,P0272,2026-07-07,2026-07-25,82,1565.28,Received
PO202607070274,SUP007,HomeTech Distributors,P0108,2026-07-07,2026-07-21,114,8984.01,Approved
PO202607070274,SUP004,Cairo Digital Trading,P0097,2026-07-07,2026-07-26,6,23214.41,Open
PO202607070274,SUP017,ElectroHub Egypt,P0197,2026-07-07,2026-07-27,9,11500.52,Partial
PO202607070275,SUP017,ElectroHub Egypt,P0186,2026-07-07,2026-07-24,87,9879.72,Open
PO202607070275,SUP009,Arabian Electronics,P0215,2026-07-07,2026-07-09,58,13168.06,Received
PO202607070275,SUP013,North Coast Distribution,P0016,2026-07-07,2026-07-19,71,6434.12,Approved
PO202607070276,SUP008,Future Appliances,P0209,2026-07-07,2026-07-27,19,1411.76,Received
PO202607070276,SUP011,Global Accessories Egypt,P0235,2026-07-07,2026-07-14,98,2381.47,Open
PO202607070276,SUP014,MegaHome Supply,P0114,2026-07-07,2026-07-27,85,5569.80,Received
PO202607070277,SUP016,Pioneer Retail Supplies,P0079,2026-07-07,2026-07-14,82,10982.64,Open
PO202607070277,SUP001,Tech Distribution Egypt,P0156,2026-07-07,2026-07-16,63,35540.79,Open
PO202607070277,SUP006,Smart Devices MENA,P0017,2026-07-07,2026-07-20,105,912.38,Open
PO202607070278,SUP006,Smart Devices MENA,P0105,2026-07-07,2026-07-19,110,38085.99,Open
PO202607070278,SUP006,Smart Devices MENA,P0199,2026-07-07,2026-07-27,56,11697.48,Open
PO202607070278,SUP016,Pioneer Retail Supplies,P0040,2026-07-07,2026-07-21,89,6257.30,Received
PO202607070279,SUP008,Future Appliances,P0091,2026-07-07,2026-07-24,94,2619.41,Approved
PO202607070279,SUP002,Delta Electronics Supply,P0277,2026-07-07,2026-07-18,23,47782.34,Received
PO202607070279,SUP010,Prime IT Supply,P0076,2026-07-07,2026-07-14,32,5289.26,Received
PO202607070280,SUP004,Cairo Digital Trading,P0153,2026-07-07,2026-07-16,39,29613.45,Open
PO202607070280,SUP003,Nile Retail Supply,P0154,2026-07-07,2026-07-19,84,15973.97,Approved
PO202607070280,SUP007,HomeTech Distributors,P0280,2026-07-07,2026-07-23,18,4819.82,Open
PO202607070281,SUP016,Pioneer Retail Supplies,P0046,2026-07-07,2026-07-22,19,16017.26,Partial
PO202607070281,SUP009,Arabian Electronics,P0126,2026-07-07,2026-07-18,23,23346.96,Received
PO202607070281,SUP008,Future Appliances,P0152,2026-07-07,2026-07-26,57,812.22,Received
PO202607070282,SUP002,Delta Electronics Supply,P0258,2026-07-07,2026-07-24,49,7695.60,Open
PO202607070282,SUP010,Prime IT Supply,P0249,2026-07-07,2026-07-25,65,48704.72,Open
PO202607070282,SUP005,Alex Import & Trade,P0062,2026-07-07,2026-07-18,81,13820.75,Received
PO202607070283,SUP003,Nile Retail Supply,P0298,2026-07-07,2026-07-27,26,11354.35,Partial
PO202607070283,SUP016,Pioneer Retail Supplies,P0196,2026-07-07,2026-07-14,36,1950.72,Approved
PO202607070283,SUP005,Alex Import & Trade,P0128,2026-07-07,2026-07-09,45,1920.20,Approved
PO202607070284,SUP015,Digital Gate,P0119,2026-07-07,2026-07-10,57,2456.80,Approved
PO202607070284,SUP002,Delta Electronics Supply,P0089,2026-07-07,2026-07-20,91,2345.49,Approved
PO202607070284,SUP006,Smart Devices MENA,P0132,2026-07-07,2026-07-24,87,14146.88,Received
PO202607070285,SUP002,Delta Electronics Supply,P0313,2026-07-07,2026-07-09,40,44476.02,Approved
PO202607070285,SUP011,Global Accessories Egypt,P0027,2026-07-07,2026-07-14,16,6143.95,Received
PO202607070285,SUP007,HomeTech Distributors,P0253,2026-07-07,2026-07-17,19,42740.86,Approved
PO202607070286,SUP005,Alex Import & Trade,P0118,2026-07-07,2026-07-21,49,5336.66,Received
PO202607070286,SUP011,Global Accessories Egypt,P0093,2026-07-07,2026-07-20,67,4961.14,Received
PO202607070286,SUP018,United Consumer Tech,P0088,2026-07-07,2026-07-16,82,1428.43,Received
PO202607070287,SUP003,Nile Retail Supply,P0162,2026-07-07,2026-07-19,10,12861.53,Open
PO202607070287,SUP008,Future Appliances,P0115,2026-07-07,2026-07-27,107,3136.53,Open
PO202607070287,SUP009,Arabian Electronics,P0263,2026-07-07,2026-07-22,60,4690.05,Open
PO202607070288,SUP001,Tech Distribution Egypt,P0198,2026-07-07,2026-07-24,83,30806.14,Received
PO202607070288,SUP013,North Coast Distribution,P0070,2026-07-07,2026-07-19,37,8690.09,Approved
PO202607070288,SUP001,Tech Distribution Egypt,P0029,2026-07-07,2026-07-19,86,8959.19,Approved
PO202607070289,SUP004,Cairo Digital Trading,P0098,2026-07-07,2026-07-09,92,21142.36,Received
PO202607070289,SUP010,Prime IT Supply,P0216,2026-07-07,2026-07-22,65,1863.21,Received
PO202607070289,SUP015,Digital Gate,P0255,2026-07-07,2026-07-15,95,26334.63,Received
PO202607070290,SUP004,Cairo Digital Trading,P0012,2026-07-07,2026-07-20,33,23006.49,Approved
PO202607070290,SUP016,Pioneer Retail Supplies,P0025,2026-07-07,2026-07-27,21,37682.98,Received
PO202607070290,SUP008,Future Appliances,P0280,2026-07-07,2026-07-27,96,4720.79,Approved
PO202607070291,SUP005,Alex Import & Trade,P0020,2026-07-07,2026-07-14,8,783.60,Received
PO202607070291,SUP003,Nile Retail Supply,P0074,2026-07-07,2026-07-27,99,15700.12,Approved
PO202607070291,SUP006,Smart Devices MENA,P0253,2026-07-07,2026-07-11,36,38778.86,Received
PO202607070292,SUP006,Smart Devices MENA,P0168,2026-07-07,2026-07-10,116,3026.93,Received
PO202607070292,SUP007,HomeTech Distributors,P0173,2026-07-07,2026-07-23,73,6392.01,Approved
PO202607070292,SUP011,Global Accessories Egypt,P0269,2026-07-07,2026-07-27,37,15448.50,Partial
PO202607070293,SUP018,United Consumer Tech,P0228,2026-07-07,2026-07-23,87,16058.58,Received
PO202607070293,SUP006,Smart Devices MENA,P0163,2026-07-07,2026-07-18,30,825.07,Approved
PO202607070293,SUP015,Digital Gate,P0226,2026-07-07,2026-07-26,95,38571.99,Open
PO202607070294,SUP007,HomeTech Distributors,P0282,2026-07-07,2026-07-13,117,3109.61,Partial
PO202607070294,SUP005,Alex Import & Trade,P0279,2026-07-07,2026-07-27,98,13351.28,Received
PO202607070294,SUP008,Future Appliances,P0056,2026-07-07,2026-07-24,89,1407.98,Received
PO202607070295,SUP010,Prime IT Supply,P0093,2026-07-07,2026-07-14,92,4762.70,Open
PO202607070295,SUP003,Nile Retail Supply,P0178,2026-07-07,2026-07-21,76,30814.56,Open
PO202607070295,SUP011,Global Accessories Egypt,P0175,2026-07-07,2026-07-16,100,8763.12,Partial
PO202607070296,SUP012,Canal Trading Co.,P0039,2026-07-07,2026-07-24,12,62846.21,Received
PO202607070296,SUP018,United Consumer Tech,P0304,2026-07-07,2026-07-22,69,5579.70,Received
PO202607070296,SUP010,Prime IT Supply,P0028,2026-07-07,2026-07-19,33,11174.45,Received
PO202607070297,SUP015,Digital Gate,P0019,2026-07-07,2026-07-12,47,3415.14,Approved
PO202607070297,SUP018,United Consumer Tech,P0158,2026-07-07,2026-07-24,81,4671.23,Open
PO202607070297,SUP010,Prime IT Supply,P0214,2026-07-07,2026-07-14,102,13839.81,Received
PO202607070298,SUP014,MegaHome Supply,P0084,2026-07-07,2026-07-10,104,22935.13,Received
PO202607070298,SUP007,HomeTech Distributors,P0082,2026-07-07,2026-07-12,117,30385.54,Open
PO202607070298,SUP013,North Coast Distribution,P0072,2026-07-07,2026-07-16,18,3503.36,Approved
PO202607070299,SUP018,United Consumer Tech,P0127,2026-07-07,2026-07-09,39,16994.71,Approved
PO202607070299,SUP009,Arabian Electronics,P0190,2026-07-07,2026-07-12,31,18233.05,Open
PO202607070299,SUP017,ElectroHub Egypt,P0197,2026-07-07,2026-07-24,88,10922.49,Received
PO202607070300,SUP007,HomeTech Distributors,P0231,2026-07-07,2026-07-17,46,28184.17,Open
PO202607070300,SUP015,Digital Gate,P0011,2026-07-07,2026-07-09,7,22889.67,Received
PO202607070300,SUP013,North Coast Distribution,P0038,2026-07-07,2026-07-18,14,7991.73,Partial
PO202607070301,SUP002,Delta Electronics Supply,P0113,2026-07-07,2026-07-23,6,3608.95,Received
PO202607070301,SUP001,Tech Distribution Egypt,P0182,2026-07-07,2026-07-14,34,12774.34,Open
PO202607070301,SUP003,Nile Retail Supply,P0101,2026-07-07,2026-07-16,17,15380.89,Received
PO202607070302,SUP016,Pioneer Retail Supplies,P0115,2026-07-07,2026-07-21,108,3381.69,Received
PO202607070302,SUP016,Pioneer Retail Supplies,P0253,2026-07-07,2026-07-27,11,45720.59,Received
PO202607070302,SUP002,Delta Electronics Supply,P0170,2026-07-07,2026-07-15,110,14580.92,Open
PO202607070303,SUP009,Arabian Electronics,P0026,2026-07-07,2026-07-18,95,13791.67,Received
PO202607070303,SUP017,ElectroHub Egypt,P0050,2026-07-07,2026-07-18,55,12817.38,Open
PO202607070303,SUP006,Smart Devices MENA,P0060,2026-07-07,2026-07-12,28,15781.28,Approved
PO202607070304,SUP009,Arabian Electronics,P0242,2026-07-07,2026-07-09,24,10359.45,Received
PO202607070304,SUP016,Pioneer Retail Supplies,P0202,2026-07-07,2026-07-26,101,10814.39,Approved
PO202607070304,SUP016,Pioneer Retail Supplies,P0038,2026-07-07,2026-07-17,58,8701.74,Received
PO202607070305,SUP017,ElectroHub Egypt,P0033,2026-07-07,2026-07-16,114,26281.96,Partial
PO202607070305,SUP014,MegaHome Supply,P0127,2026-07-07,2026-07-10,82,17164.95,Received
PO202607070305,SUP001,Tech Distribution Egypt,P0108,2026-07-07,2026-07-10,119,8980.49,Open
PO202607070306,SUP011,Global Accessories Egypt,P0108,2026-07-07,2026-07-15,76,9415.15,Approved
PO202607070306,SUP007,HomeTech Distributors,P0209,2026-07-07,2026-07-15,25,1371.13,Partial
PO202607070306,SUP005,Alex Import & Trade,P0063,2026-07-07,2026-07-16,28,23662.65,Received
PO202607070307,SUP004,Cairo Digital Trading,P0130,2026-07-07,2026-07-27,86,34298.61,Approved
PO202607070307,SUP017,ElectroHub Egypt,P0134,2026-07-07,2026-07-10,35,9177.93,Open
PO202607070307,SUP014,MegaHome Supply,P0013,2026-07-07,2026-07-23,113,53268.39,Received
PO202607070308,SUP011,Global Accessories Egypt,P0104,2026-07-07,2026-07-16,113,1801.29,Partial
PO202607070308,SUP005,Alex Import & Trade,P0232,2026-07-07,2026-07-13,7,5002.05,Partial
PO202607070308,SUP015,Digital Gate,P0014,2026-07-07,2026-07-17,34,19711.54,Received
PO202607070309,SUP009,Arabian Electronics,P0140,2026-07-07,2026-07-25,11,3075.83,Received
PO202607070309,SUP007,HomeTech Distributors,P0210,2026-07-07,2026-07-13,62,6494.51,Received
PO202607070309,SUP017,ElectroHub Egypt,P0225,2026-07-07,2026-07-25,46,40890.94,Received
PO202607070310,SUP009,Arabian Electronics,P0047,2026-07-07,2026-07-18,109,10070.71,Open
PO202607070310,SUP007,HomeTech Distributors,P0219,2026-07-07,2026-07-10,26,7709.99,Approved
PO202607070310,SUP005,Alex Import & Trade,P0172,2026-07-07,2026-07-21,99,12471.36,Received
PO202607070311,SUP010,Prime IT Supply,P0142,2026-07-07,2026-07-20,86,12583.31,Partial
PO202607070311,SUP005,Alex Import & Trade,P0267,2026-07-07,2026-07-17,56,2513.67,Received
PO202607070311,SUP004,Cairo Digital Trading,P0026,2026-07-07,2026-07-21,6,13515.57,Approved
PO202607070312,SUP014,MegaHome Supply,P0077,2026-07-07,2026-07-19,25,51081.81,Received
PO202607070312,SUP009,Arabian Electronics,P0068,2026-07-07,2026-07-16,14,2891.23,Received
PO202607070312,SUP017,ElectroHub Egypt,P0217,2026-07-07,2026-07-26,83,32043.36,Approved
PO202607070313,SUP001,Tech Distribution Egypt,P0101,2026-07-07,2026-07-27,24,14312.43,Open
PO202607070313,SUP010,Prime IT Supply,P0158,2026-07-07,2026-07-27,97,4305.00,Approved
PO202607070313,SUP013,North Coast Distribution,P0262,2026-07-07,2026-07-24,9,15959.21,Received
PO202607070314,SUP007,HomeTech Distributors,P0007,2026-07-07,2026-07-15,62,1246.19,Partial
PO202607070314,SUP008,Future Appliances,P0159,2026-07-07,2026-07-11,74,49010.81,Open
PO202607070314,SUP012,Canal Trading Co.,P0207,2026-07-07,2026-07-12,62,38679.96,Approved
PO202607070315,SUP018,United Consumer Tech,P0285,2026-07-07,2026-07-13,60,1829.03,Received
PO202607070315,SUP016,Pioneer Retail Supplies,P0204,2026-07-07,2026-07-26,20,25875.71,Approved
PO202607070315,SUP016,Pioneer Retail Supplies,P0211,2026-07-07,2026-07-25,75,3123.27,Open
PO202607070316,SUP003,Nile Retail Supply,P0177,2026-07-07,2026-07-27,38,60315.98,Received
PO202607070316,SUP004,Cairo Digital Trading,P0048,2026-07-07,2026-07-23,30,3189.65,Approved
PO202607070316,SUP006,Smart Devices MENA,P0281,2026-07-07,2026-07-09,66,3019.58,Received
PO202607070317,SUP010,Prime IT Supply,P0068,2026-07-07,2026-07-16,105,2898.34,Received
PO202607070317,SUP007,HomeTech Distributors,P0171,2026-07-07,2026-07-17,93,4841.15,Received
PO202607070317,SUP018,United Consumer Tech,P0146,2026-07-07,2026-07-25,59,9774.74,Received
PO202607070318,SUP001,Tech Distribution Egypt,P0004,2026-07-07,2026-07-13,60,13143.82,Received
PO202607070318,SUP009,Arabian Electronics,P0260,2026-07-07,2026-07-14,25,2945.55,Partial
PO202607070318,SUP015,Digital Gate,P0028,2026-07-07,2026-07-27,117,10266.53,Received
PO202607070319,SUP013,North Coast Distribution,P0191,2026-07-07,2026-07-24,43,16971.46,Received
PO202607070319,SUP006,Smart Devices MENA,P0082,2026-07-07,2026-07-17,59,31238.50,Received
PO202607070319,SUP002,Delta Electronics Supply,P0271,2026-07-07,2026-07-18,96,13568.06,Approved
