ProductID,ProductName,BrandID,SubcategoryID,Model,Color,LaunchDate,ProductStatus,StandardCost,ListPrice,IsDeleted,CreatedAt,ModifiedAt
P0001,HP Laptop HP-101-001,3,101,HP-101-001,Black,2021-03-11,Active,54312.94,69110.00,0,2021-03-11 09:00:00,2022-03-03 09:00:00
P0002,Acer Monitor ACE-102-002,12,102,ACE-102-002,Blue,2021-08-02,Active,12000.64,15250.00,0,2021-08-02 09:00:00,2023-03-21 09:00:00
P0003,Lenovo Storage LEN-103-003,1,103,LEN-103-003,Gray,2021-02-02,Active,2188.65,2890.00,0,2021-02-02 09:00:00,2022-03-29 09:00:00
P0004,ASUS Networking ASU-104-004,11,104,ASU-104-004,Red,2024-06-07,Discontinued,12210.93,15850.00,0,2024-06-07 09:00:00,2025-07-13 09:00:00
P0005,Xiaomi Smartphone XIA-105-005,6,105,XIA-105-005,White,2023-05-31,Active,37622.81,43360.00,0,2023-05-31 09:00:00,2023-11-08 09:00:00
P0006,Xiaomi Tablet XIA-106-006,6,106,XIA-106-006,White,2024-02-20,Active,7006.88,8170.00,0,2024-02-20 09:00:00,2025-03-19 09:00:00
P0007,Apple Smartwatche APP-107-007,4,107,APP-107-007,Blue,2022-10-03,Active,1394.71,1950.00,0,2022-10-03 09:00:00,2023-06-17 09:00:00
P0008,Apple Feature Phone APP-108-008,4,108,APP-108-008,White,2023-08-13,Active,692.64,900.00,0,2023-08-13 09:00:00,2025-06-27 09:00:00
P0009,Philips Refrigerator PHI-109-009,17,109,PHI-109-009,Gold,2021-02-21,Discontinued,54352.67,71960.00,0,2021-02-21 09:00:00,2021-12-19 09:00:00
P0010,Panasonic Washing Machine PAN-110-010,23,110,PAN-110-010,Blue,2024-01-02,Active,21532.92,29280.00,0,2024-01-02 09:00:00,2025-10-22 09:00:00
P0011,Bosch Air Conditioner BOS-111-011,18,111,BOS-111-011,Gray,2024-08-18,Active,24944.33,34710.00,0,2024-08-18 09:00:00,2026-04-27 09:00:00
P0012,Tornado Cooker TOR-112-012,21,112,TOR-112-012,Green,2023-06-21,Active,21996.10,26980.00,0,2023-06-21 09:00:00,2025-08-08 09:00:00
P0013,LG Television LG-113-013,13,113,LG-113-013,Blue,2022-04-10,Active,54932.61,74900.00,0,2022-04-10 09:00:00,2024-03-31 09:00:00
P0014,Samsung Sound System SAM-114-014,5,114,SAM-114-014,Gray,2022-03-04,Active,22077.09,25490.00,0,2022-03-04 09:00:00,2023-05-04 09:00:00
P0015,Hisense Gaming HIS-115-015,16,115,HIS-115-015,Silver,2021-03-21,Discontinued,40266.61,51730.00,0,2021-03-21 09:00:00,2023-01-19 09:00:00
P0016,JBL Streaming Device JBL-116-016,24,116,JBL-116-016,Green,2021-02-20,Active,6261.17,8130.00,0,2021-02-20 09:00:00,2022-03-11 09:00:00
P0017,Kingston Keyboards & Mice KIN-117-017,29,117,KIN-117-017,Gold,2022-06-06,Active,949.31,1110.00,0,2022-06-06 09:00:00,2024-10-09 09:00:00
P0018,Baseus Headphone BAS-118-018,27,118,BAS-118-018,Gold,2021-07-24,Active,4814.39,5620.00,0,2021-07-24 09:00:00,2023-08-28 09:00:00
P0019,Logitech Chargers & Cable LOG-119-019,25,119,LOG-119-019,Gold,2024-04-30,Active,3562.46,4140.00,0,2024-04-30 09:00:00,2024-08-25 09:00:00
P0020,TP-Link Bags & Case TP--120-020,28,120,TP--120-020,Red,2024-02-08,Active,780.42,890.00,0,2024-02-08 09:00:00,2026-03-09 09:00:00
P0021,Fresh Blender FRE-121-021,20,121,FRE-121-021,Black,2023-11-29,Active,1546.37,1830.00,0,2023-11-29 09:00:00,2025-06-19 09:00:00
P0022,Midea Coffee Machine MID-122-022,22,122,MID-122-022,Blue,2024-12-25,Active,4017.02,5690.00,0,2024-12-25 09:00:00,2026-07-12 09:00:00
P0023,Fresh Vacuum Cleaner FRE-123-023,20,123,FRE-123-023,Gray,2022-01-27,Active,12853.45,17360.00,0,2022-01-27 09:00:00,2023-11-26 09:00:00
P0024,Tornado Iron TOR-124-024,21,124,TOR-124-024,Red,2023-12-04,Active,2378.01,3330.00,0,2023-12-04 09:00:00,2026-05-16 09:00:00
P0025,Lenovo Laptop LEN-101-025,1,101,LEN-101-025,White,2025-11-18,Active,41985.16,56460.00,0,2025-11-18 09:00:00,2026-03-28 09:00:00
P0026,HP Monitor HP-102-026,3,102,HP-102-026,Silver,2023-03-06,Active,13963.56,18030.00,0,2023-03-06 09:00:00,2025-05-09 09:00:00
P0027,Lenovo Storage LEN-103-027,1,103,LEN-103-027,Gray,2024-06-20,Active,6125.87,6970.00,0,2024-06-20 09:00:00,2024-09-13 09:00:00
P0028,ASUS Networking ASU-104-028,11,104,ASU-104-028,White,2024-04-23,Active,10680.03,13290.00,0,2024-04-23 09:00:00,2024-04-26 09:00:00
P0029,Xiaomi Smartphone XIA-105-029,6,105,XIA-105-029,Green,2024-08-10,Active,8564.50,10040.00,0,2024-08-10 09:00:00,2026-02-25 09:00:00
P0030,realme Tablet REA-106-030,8,106,REA-106-030,Red,2022-07-25,Active,16985.03,19600.00,0,2022-07-25 09:00:00,2024-04-12 09:00:00
P0031,Xiaomi Smartwatche XIA-107-031,6,107,XIA-107-031,Black,2026-01-01,Active,17429.62,23240.00,0,2026-01-01 09:00:00,2026-06-09 09:00:00
P0032,OPPO Feature Phone OPP-108-032,7,108,OPP-108-032,Green,2022-11-12,Active,729.38,920.00,0,2022-11-12 09:00:00,2024-05-12 09:00:00
P0033,Philips Refrigerator PHI-109-033,17,109,PHI-109-033,Silver,2021-10-15,Active,27563.47,34520.00,0,2021-10-15 09:00:00,2023-01-07 09:00:00
P0034,Bosch Washing Machine BOS-110-034,18,110,BOS-110-034,Red,2022-06-12,Active,25059.61,33560.00,0,2022-06-12 09:00:00,2022-12-04 09:00:00
P0035,Philips Air Conditioner PHI-111-035,17,111,PHI-111-035,Silver,2025-04-10,Discontinued,11278.80,14200.00,0,2025-04-10 09:00:00,2025-10-09 09:00:00
P0036,Bosch Cooker BOS-112-036,18,112,BOS-112-036,Gray,2021-04-25,Active,18986.19,25550.00,0,2021-04-25 09:00:00,2022-10-17 09:00:00
P0037,Samsung Television SAM-113-037,5,113,SAM-113-037,Gold,2025-01-27,Active,35713.00,45410.00,0,2025-01-27 09:00:00,2026-01-03 09:00:00
P0038,Hisense Sound System HIS-114-038,16,114,HIS-114-038,Silver,2022-09-19,Active,8061.06,10270.00,0,2022-09-19 09:00:00,2023-08-17 09:00:00
P0039,LG Gaming LG-115-039,13,115,LG-115-039,Green,2023-04-17,Active,61766.30,79240.00,0,2023-04-17 09:00:00,2024-06-06 09:00:00
P0040,TCL Streaming Device TCL-116-040,15,116,TCL-116-040,Gray,2025-09-02,Active,6473.21,7410.00,0,2025-09-02 09:00:00,2026-02-02 09:00:00
P0041,TP-Link Keyboards & Mice TP--117-041,28,117,TP--117-041,White,2025-11-05,Active,2261.03,2710.00,0,2025-11-05 09:00:00,2026-06-10 09:00:00
P0042,Baseus Headphone BAS-118-042,27,118,BAS-118-042,Red,2024-01-21,Active,4899.05,6760.00,0,2024-01-21 09:00:00,2025-04-04 09:00:00
P0043,SanDisk Chargers & Cable SAN-119-043,30,119,SAN-119-043,Green,2023-10-28,Active,1197.22,1700.00,0,2023-10-28 09:00:00,2024-08-15 09:00:00
P0044,JBL Bags & Case JBL-120-044,24,120,JBL-120-044,Silver,2021-08-06,Active,194.50,260.00,0,2021-08-06 09:00:00,2021-12-15 09:00:00
P0045,LG Blender LG-121-045,13,121,LG-121-045,Blue,2022-04-07,Active,2886.94,3640.00,0,2022-04-07 09:00:00,2024-07-14 09:00:00
P0046,Midea Coffee Machine MID-122-046,22,122,MID-122-046,Red,2025-12-02,Active,16087.11,18880.00,0,2025-12-02 09:00:00,2026-05-20 09:00:00
P0047,Bosch Vacuum Cleaner BOS-123-047,18,123,BOS-123-047,Gold,2022-08-13,Active,9373.83,12220.00,0,2022-08-13 09:00:00,2024-07-31 09:00:00
P0048,Panasonic Iron PAN-124-048,23,124,PAN-124-048,Gray,2025-06-20,Active,3523.65,4360.00,0,2025-06-20 09:00:00,2025-10-29 09:00:00
P0049,ASUS Laptop ASU-101-049,11,101,ASU-101-049,Black,2025-02-19,Active,19489.18,22940.00,0,2025-02-19 09:00:00,2025-09-02 09:00:00
P0050,ASUS Monitor ASU-102-050,11,102,ASU-102-050,White,2022-04-25,Active,12505.77,16290.00,0,2022-04-25 09:00:00,2024-01-20 09:00:00
P0051,ASUS Storage ASU-103-051,11,103,ASU-103-051,Blue,2022-06-26,Active,1666.53,2020.00,0,2022-06-26 09:00:00,2022-11-15 09:00:00
P0052,Acer Networking ACE-104-052,12,104,ACE-104-052,Gold,2022-12-13,Active,11028.18,14310.00,0,2022-12-13 09:00:00,2024-04-07 09:00:00
P0053,Samsung Smartphone SAM-105-053,5,105,SAM-105-053,Silver,2021-02-14,Active,24028.47,27490.00,0,2021-02-14 09:00:00,2021-06-06 09:00:00
P0054,Apple Tablet APP-106-054,4,106,APP-106-054,Blue,2023-07-29,Active,15547.13,18240.00,0,2023-07-29 09:00:00,2025-08-07 09:00:00
P0055,Honor Smartwatche HON-107-055,10,107,HON-107-055,Black,2023-02-10,Active,12388.64,15760.00,0,2023-02-10 09:00:00,2025-02-22 09:00:00
P0056,OPPO Feature Phone OPP-108-056,7,108,OPP-108-056,Blue,2022-01-02,Active,1387.58,1980.00,0,2022-01-02 09:00:00,2023-09-25 09:00:00
P0057,Midea Refrigerator MID-109-057,22,109,MID-109-057,Black,2025-02-09,Active,14449.02,17290.00,0,2025-02-09 09:00:00,2025-11-28 09:00:00
P0058,Midea Washing Machine MID-110-058,22,110,MID-110-058,Gold,2021-02-06,Active,11475.00,15310.00,0,2021-02-06 09:00:00,2022-04-15 09:00:00
P0059,Bosch Air Conditioner BOS-111-059,18,111,BOS-111-059,Red,2023-08-01,Active,30376.01,38020.00,0,2023-08-01 09:00:00,2024-02-26 09:00:00
P0060,Beko Cooker BEK-112-060,19,112,BEK-112-060,White,2025-07-22,Active,15224.07,18200.00,0,2025-07-22 09:00:00,2026-02-08 09:00:00
P0061,TCL Television TCL-113-061,15,113,TCL-113-061,Silver,2021-06-26,Active,48469.66,66550.00,0,2021-06-26 09:00:00,2022-10-21 09:00:00
P0062,Hisense Sound System HIS-114-062,16,114,HIS-114-062,Gray,2022-08-14,Active,14496.76,19180.00,0,2022-08-14 09:00:00,2022-08-21 09:00:00
P0063,Samsung Gaming SAM-115-063,5,115,SAM-115-063,White,2022-11-24,Active,23470.23,33130.00,0,2022-11-24 09:00:00,2023-10-12 09:00:00
P0064,LG Streaming Device LG-116-064,13,116,LG-116-064,Green,2022-03-21,Seasonal,2737.03,3660.00,0,2022-03-21 09:00:00,2023-05-03 09:00:00
P0065,Anker Keyboards & Mice ANK-117-065,26,117,ANK-117-065,Silver,2021-01-30,Active,4989.42,6440.00,0,2021-01-30 09:00:00,2023-05-17 09:00:00
P0066,Baseus Headphone BAS-118-066,27,118,BAS-118-066,Gold,2021-03-24,Active,6551.89,7630.00,0,2021-03-24 09:00:00,2022-06-06 09:00:00
P0067,Anker Chargers & Cable ANK-119-067,26,119,ANK-119-067,Gray,2025-12-09,Active,3348.77,3960.00,0,2025-12-09 09:00:00,2026-01-06 09:00:00
P0068,TP-Link Bags & Case TP--120-068,28,120,TP--120-068,Blue,2025-01-30,Active,3085.10,3570.00,0,2025-01-30 09:00:00,2025-12-13 09:00:00
P0069,Panasonic Blender PAN-121-069,23,121,PAN-121-069,Gray,2024-10-13,Active,5298.50,6960.00,0,2024-10-13 09:00:00,2024-11-21 09:00:00
P0070,Fresh Coffee Machine FRE-122-070,20,122,FRE-122-070,Red,2023-12-22,Active,8556.43,10150.00,0,2023-12-22 09:00:00,2025-03-18 09:00:00
P0071,Midea Vacuum Cleaner MID-123-071,22,123,MID-123-071,Blue,2026-02-03,Active,3908.11,5300.00,0,2026-02-03 09:00:00,2026-02-20 09:00:00
P0072,Midea Iron MID-124-072,22,124,MID-124-072,Red,2023-04-20,Active,3649.84,5070.00,0,2023-04-20 09:00:00,2025-01-20 09:00:00
P0073,Dell Laptop DEL-101-073,2,101,DEL-101-073,White,2026-02-23,Seasonal,18890.83,23700.00,0,2026-02-23 09:00:00,2026-03-31 09:00:00
P0074,Lenovo Monitor LEN-102-074,1,102,LEN-102-074,White,2024-04-08,Active,16453.72,19450.00,0,2024-04-08 09:00:00,2026-07-01 09:00:00
P0075,Dell Storage DEL-103-075,2,103,DEL-103-075,Blue,2025-05-05,Active,7395.49,8940.00,0,2025-05-05 09:00:00,2026-02-08 09:00:00
P0076,Acer Networking ACE-104-076,12,104,ACE-104-076,White,2024-08-08,Active,5554.42,6390.00,0,2024-08-08 09:00:00,2024-10-04 09:00:00
P0077,Xiaomi Smartphone XIA-105-077,6,105,XIA-105-077,Red,2024-02-17,Active,52356.52,60420.00,0,2024-02-17 09:00:00,2025-05-11 09:00:00
P0078,realme Tablet REA-106-078,8,106,REA-106-078,Black,2022-07-15,Active,22750.32,27960.00,0,2022-07-15 09:00:00,2023-05-10 09:00:00
P0079,Huawei Smartwatche HUA-107-079,9,107,HUA-107-079,Green,2021-07-08,Active,10960.89,13590.00,0,2021-07-08 09:00:00,2021-07-31 09:00:00
P0080,Apple Feature Phone APP-108-080,4,108,APP-108-080,Silver,2022-12-11,Active,1371.18,1560.00,0,2022-12-11 09:00:00,2023-09-12 09:00:00
P0081,LG Refrigerator LG-109-081,13,109,LG-109-081,White,2025-07-08,Active,35569.00,44790.00,0,2025-07-08 09:00:00,2026-01-11 09:00:00
P0082,Fresh Washing Machine FRE-110-082,20,110,FRE-110-082,Black,2024-06-20,Discontinued,29299.25,37260.00,0,2024-06-20 09:00:00,2026-06-29 09:00:00
P0083,Philips Air Conditioner PHI-111-083,17,111,PHI-111-083,Green,2021-09-15,Active,32221.22,38210.00,0,2021-09-15 09:00:00,2023-05-20 09:00:00
P0084,Beko Cooker BEK-112-084,19,112,BEK-112-084,Gold,2021-07-26,Seasonal,24909.96,34050.00,0,2021-07-26 09:00:00,2022-07-18 09:00:00
P0085,LG Television LG-113-085,13,113,LG-113-085,Gold,2024-01-08,Active,61143.24,85640.00,0,2024-01-08 09:00:00,2025-04-26 09:00:00
P0086,TCL Sound System TCL-114-086,15,114,TCL-114-086,Silver,2022-06-24,Active,16741.62,20850.00,0,2022-06-24 09:00:00,2024-10-05 09:00:00
P0087,TCL Gaming TCL-115-087,15,115,TCL-115-087,White,2026-02-26,Active,42703.88,57420.00,0,2026-02-26 09:00:00,2026-06-11 09:00:00
P0088,Samsung Streaming Device SAM-116-088,5,116,SAM-116-088,Red,2023-07-13,Active,1508.25,1970.00,0,2023-07-13 09:00:00,2024-01-02 09:00:00
P0089,Logitech Keyboards & Mice LOG-117-089,25,117,LOG-117-089,Gray,2023-08-21,Active,2283.75,2890.00,0,2023-08-21 09:00:00,2025-07-28 09:00:00
P0090,Logitech Headphone LOG-118-090,25,118,LOG-118-090,Green,2022-04-02,Active,764.49,950.00,0,2022-04-02 09:00:00,2024-03-14 09:00:00
P0091,Anker Chargers & Cable ANK-119-091,26,119,ANK-119-091,Gold,2023-08-29,Discontinued,2710.29,3590.00,0,2023-08-29 09:00:00,2023-09-27 09:00:00
P0092,SanDisk Bags & Case SAN-120-092,30,120,SAN-120-092,Black,2022-08-25,Active,1520.51,2100.00,0,2022-08-25 09:00:00,2024-06-01 09:00:00
P0093,Panasonic Blender PAN-121-093,23,121,PAN-121-093,Gray,2023-05-08,Active,5243.28,6260.00,0,2023-05-08 09:00:00,2025-04-02 09:00:00
P0094,Beko Coffee Machine BEK-122-094,19,122,BEK-122-094,Gold,2021-02-06,Active,5251.74,7160.00,0,2021-02-06 09:00:00,2022-07-25 09:00:00
P0095,Panasonic Vacuum Cleaner PAN-123-095,23,123,PAN-123-095,Silver,2024-08-31,Active,21151.90,27060.00,0,2024-08-31 09:00:00,2025-02-13 09:00:00
P0096,Tornado Iron TOR-124-096,21,124,TOR-124-096,Blue,2023-01-01,Active,1707.63,2210.00,0,2023-01-01 09:00:00,2024-01-31 09:00:00
P0097,Acer Laptop ACE-101-097,12,101,ACE-101-097,Red,2024-04-13,Active,26294.42,36200.00,0,2024-04-13 09:00:00,2025-10-26 09:00:00
P0098,Dell Monitor DEL-102-098,2,102,DEL-102-098,Blue,2023-10-18,Active,22338.80,28690.00,0,2023-10-18 09:00:00,2024-09-24 09:00:00
P0099,Dell Storage DEL-103-099,2,103,DEL-103-099,Silver,2024-01-07,Active,7478.55,10340.00,0,2024-01-07 09:00:00,2024-04-20 09:00:00
P0100,Acer Networking ACE-104-100,12,104,ACE-104-100,White,2022-05-02,Active,10354.29,13540.00,0,2022-05-02 09:00:00,2023-02-02 09:00:00
P0101,Apple Smartphone APP-105-101,4,105,APP-105-101,Gold,2022-04-18,Active,14773.48,20870.00,0,2022-04-18 09:00:00,2023-11-28 09:00:00
P0102,Xiaomi Tablet XIA-106-102,6,106,XIA-106-102,White,2021-11-09,Active,36507.99,44280.00,0,2021-11-09 09:00:00,2022-10-21 09:00:00
P0103,realme Smartwatche REA-107-103,8,107,REA-107-103,White,2025-09-25,Active,2843.98,3790.00,0,2025-09-25 09:00:00,2026-05-03 09:00:00
P0104,Honor Feature Phone HON-108-104,10,108,HON-108-104,Gray,2025-07-28,Active,1760.12,2190.00,0,2025-07-28 09:00:00,2026-03-14 09:00:00
P0105,Beko Refrigerator BEK-109-105,19,109,BEK-109-105,Gray,2024-01-10,Active,42442.38,51820.00,0,2024-01-10 09:00:00,2024-04-21 09:00:00
P0106,Bosch Washing Machine BOS-110-106,18,110,BOS-110-106,Red,2024-04-17,Active,13865.20,17940.00,0,2024-04-17 09:00:00,2026-03-29 09:00:00
P0107,Bosch Air Conditioner BOS-111-107,18,111,BOS-111-107,Gold,2021-02-28,Active,45090.63,59200.00,0,2021-02-28 09:00:00,2022-01-09 09:00:00
P0108,Bosch Cooker BOS-112-108,18,112,BOS-112-108,Green,2023-06-12,Active,9867.35,12760.00,0,2023-06-12 09:00:00,2023-08-25 09:00:00
P0109,LG Television LG-113-109,13,113,LG-113-109,Black,2025-07-12,Active,59301.72,71010.00,0,2025-07-12 09:00:00,2025-08-08 09:00:00
P0110,TCL Sound System TCL-114-110,15,114,TCL-114-110,White,2025-06-01,Active,35783.38,43030.00,0,2025-06-01 09:00:00,2026-02-06 09:00:00
P0111,LG Gaming LG-115-111,13,115,LG-115-111,Black,2023-06-07,Seasonal,23624.38,28960.00,0,2023-06-07 09:00:00,2024-09-15 09:00:00
P0112,Hisense Streaming Device HIS-116-112,16,116,HIS-116-112,Gold,2021-06-17,Active,6291.66,8760.00,0,2021-06-17 09:00:00,2021-10-20 09:00:00
P0113,Baseus Keyboards & Mice BAS-117-113,27,117,BAS-117-113,Gray,2025-02-28,Active,4020.25,4600.00,0,2025-02-28 09:00:00,2026-05-16 09:00:00
P0114,JBL Headphone JBL-118-114,24,118,JBL-118-114,Silver,2024-06-22,Active,5363.82,6780.00,0,2024-06-22 09:00:00,2024-11-20 09:00:00
P0115,Logitech Chargers & Cable LOG-119-115,25,119,LOG-119-115,Black,2023-04-23,Active,3281.14,4180.00,0,2023-04-23 09:00:00,2023-10-23 09:00:00
P0116,Baseus Bags & Case BAS-120-116,27,120,BAS-120-116,Blue,2025-01-31,Active,3491.51,4870.00,0,2025-01-31 09:00:00,2025-08-31 09:00:00
P0117,Beko Blender BEK-121-117,19,121,BEK-121-117,Silver,2025-11-11,Active,1775.93,2040.00,0,2025-11-11 09:00:00,2026-01-23 09:00:00
P0118,Philips Coffee Machine PHI-122-118,17,122,PHI-122-118,Gray,2022-01-01,Active,5216.85,6750.00,0,2022-01-01 09:00:00,2024-02-11 09:00:00
P0119,Beko Vacuum Cleaner BEK-123-119,19,123,BEK-123-119,Black,2023-02-05,Active,2337.21,3310.00,0,2023-02-05 09:00:00,2023-02-16 09:00:00
P0120,Philips Iron PHI-124-120,17,124,PHI-124-120,Red,2023-11-12,Active,2698.02,3190.00,0,2023-11-12 09:00:00,2025-03-30 09:00:00
P0121,Lenovo Laptop LEN-101-121,1,101,LEN-101-121,Blue,2023-08-10,Active,42149.37,53280.00,0,2023-08-10 09:00:00,2025-09-02 09:00:00
P0122,HP Monitor HP-102-122,3,102,HP-102-122,Red,2025-04-24,Active,8514.92,10420.00,0,2025-04-24 09:00:00,2025-11-22 09:00:00
P0123,Acer Storage ACE-103-123,12,103,ACE-103-123,Red,2025-03-06,Active,1508.28,1720.00,0,2025-03-06 09:00:00,2025-03-11 09:00:00
P0124,Dell Networking DEL-104-124,2,104,DEL-104-124,Black,2025-07-25,Active,733.92,840.00,0,2025-07-25 09:00:00,2025-11-29 09:00:00
P0125,Honor Smartphone HON-105-125,10,105,HON-105-125,Red,2025-03-28,Active,33212.32,45540.00,0,2025-03-28 09:00:00,2025-04-30 09:00:00
P0126,Samsung Tablet SAM-106-126,5,106,SAM-106-126,Green,2024-12-27,Active,24518.86,30510.00,0,2024-12-27 09:00:00,2025-04-23 09:00:00
P0127,realme Smartwatche REA-107-127,8,107,REA-107-127,White,2021-08-20,Active,17472.47,22080.00,0,2021-08-20 09:00:00,2021-12-08 09:00:00
P0128,Honor Feature Phone HON-108-128,10,108,HON-108-128,Gold,2022-04-28,Active,2154.82,2930.00,0,2022-04-28 09:00:00,2023-12-27 09:00:00
P0129,Panasonic Refrigerator PAN-109-129,23,109,PAN-109-129,Red,2023-10-27,Active,14559.40,16960.00,0,2023-10-27 09:00:00,2025-05-10 09:00:00
P0130,Panasonic Washing Machine PAN-110-130,23,110,PAN-110-130,Gray,2025-03-15,Active,34544.83,46630.00,0,2025-03-15 09:00:00,2026-05-11 09:00:00
P0131,Philips Air Conditioner PHI-111-131,17,111,PHI-111-131,Gold,2023-08-23,Active,16154.50,19970.00,0,2023-08-23 09:00:00,2023-10-30 09:00:00
P0132,Bosch Cooker BOS-112-132,18,112,BOS-112-132,White,2025-02-18,Active,13274.86,18610.00,0,2025-02-18 09:00:00,2025-12-13 09:00:00
P0133,Sony Television SON-113-133,14,113,SON-113-133,Silver,2022-02-05,Active,40088.33,57090.00,0,2022-02-05 09:00:00,2023-01-04 09:00:00
P0134,TCL Sound System TCL-114-134,15,114,TCL-114-134,Green,2026-01-03,Active,9671.59,13170.00,0,2026-01-03 09:00:00,2026-04-07 09:00:00
P0135,TCL Gaming TCL-115-135,15,115,TCL-115-135,Gold,2023-11-12,Active,9462.38,12160.00,0,2023-11-12 09:00:00,2026-03-14 09:00:00
P0136,Sony Streaming Device SON-116-136,14,116,SON-116-136,Red,2024-02-10,Active,6182.77,8170.00,0,2024-02-10 09:00:00,2024-02-27 09:00:00
P0137,Anker Keyboards & Mice ANK-117-137,26,117,ANK-117-137,Red,2025-03-17,Active,4794.69,6520.00,0,2025-03-17 09:00:00,2025-07-05 09:00:00
P0138,Logitech Headphone LOG-118-138,25,118,LOG-118-138,Black,2024-07-19,Active,1060.73,1380.00,0,2024-07-19 09:00:00,2025-10-28 09:00:00
P0139,Baseus Chargers & Cable BAS-119-139,27,119,BAS-119-139,Silver,2023-05-22,Active,406.34,580.00,0,2023-05-22 09:00:00,2025-08-24 09:00:00
P0140,SanDisk Bags & Case SAN-120-140,30,120,SAN-120-140,White,2022-09-03,Active,3288.97,3960.00,0,2022-09-03 09:00:00,2024-03-31 09:00:00
P0141,Beko Blender BEK-121-141,19,121,BEK-121-141,Black,2024-09-06,Active,3460.97,4910.00,0,2024-09-06 09:00:00,2025-09-21 09:00:00
P0142,Midea Coffee Machine MID-122-142,22,122,MID-122-142,Blue,2021-10-29,Active,11905.90,15290.00,0,2021-10-29 09:00:00,2024-03-11 09:00:00
P0143,Tornado Vacuum Cleaner TOR-123-143,21,123,TOR-123-143,Green,2022-09-17,Active,22909.62,27820.00,0,2022-09-17 09:00:00,2023-05-04 09:00:00
P0144,Fresh Iron FRE-124-144,20,124,FRE-124-144,White,2023-10-11,Active,1962.15,2560.00,0,2023-10-11 09:00:00,2024-08-25 09:00:00
P0145,Acer Laptop ACE-101-145,12,101,ACE-101-145,Silver,2025-08-14,Active,47581.13,67480.00,0,2025-08-14 09:00:00,2026-02-16 09:00:00
P0146,HP Monitor HP-102-146,3,102,HP-102-146,Gray,2021-01-21,Active,10009.02,12280.00,0,2021-01-21 09:00:00,2022-12-02 09:00:00
P0147,Dell Storage DEL-103-147,2,103,DEL-103-147,White,2023-03-05,Active,7835.93,11140.00,0,2023-03-05 09:00:00,2025-03-03 09:00:00
P0148,ASUS Networking ASU-104-148,11,104,ASU-104-148,Gray,2025-10-16,Active,13064.82,15120.00,0,2025-10-16 09:00:00,2026-04-26 09:00:00
P0149,realme Smartphone REA-105-149,8,105,REA-105-149,Gold,2021-11-04,Active,55671.72,68030.00,0,2021-11-04 09:00:00,2022-05-14 09:00:00
P0150,realme Tablet REA-106-150,8,106,REA-106-150,Blue,2025-05-15,Active,31600.48,36910.00,0,2025-05-15 09:00:00,2025-12-24 09:00:00
P0151,Apple Smartwatche APP-107-151,4,107,APP-107-151,Gold,2024-04-14,Active,4027.41,4780.00,0,2024-04-14 09:00:00,2026-06-02 09:00:00
P0152,realme Feature Phone REA-108-152,8,108,REA-108-152,Silver,2025-10-01,Active,806.67,1010.00,0,2025-10-01 09:00:00,2026-02-16 09:00:00
P0153,Midea Refrigerator MID-109-153,22,109,MID-109-153,Blue,2021-03-23,Active,28428.99,39650.00,0,2021-03-23 09:00:00,2021-09-28 09:00:00
P0154,Fresh Washing Machine FRE-110-154,20,110,FRE-110-154,White,2023-12-23,Active,16362.45,22380.00,0,2023-12-23 09:00:00,2025-04-30 09:00:00
P0155,Philips Air Conditioner PHI-111-155,17,111,PHI-111-155,Blue,2025-10-04,Active,24122.73,31110.00,0,2025-10-04 09:00:00,2026-03-15 09:00:00
P0156,Panasonic Cooker PAN-112-156,23,112,PAN-112-156,White,2025-01-19,Discontinued,33313.62,39800.00,0,2025-01-19 09:00:00,2025-01-28 09:00:00
P0157,JBL Television JBL-113-157,24,113,JBL-113-157,Red,2025-06-17,Active,13616.72,16040.00,0,2025-06-17 09:00:00,2025-12-27 09:00:00
P0158,LG Sound System LG-114-158,13,114,LG-114-158,White,2023-05-19,Active,4554.07,6310.00,0,2023-05-19 09:00:00,2023-10-07 09:00:00
P0159,Sony Gaming SON-115-159,14,115,SON-115-159,Green,2025-12-14,Active,50551.65,62830.00,0,2025-12-14 09:00:00,2026-02-03 09:00:00
P0160,JBL Streaming Device JBL-116-160,24,116,JBL-116-160,Red,2023-01-25,Active,2570.62,3120.00,0,2023-01-25 09:00:00,2024-04-21 09:00:00
P0161,JBL Keyboards & Mice JBL-117-161,24,117,JBL-117-161,White,2025-05-07,Active,2999.48,3480.00,0,2025-05-07 09:00:00,2025-08-16 09:00:00
P0162,SanDisk Headphone SAN-118-162,30,118,SAN-118-162,Blue,2023-09-06,Active,12347.56,14350.00,0,2023-09-06 09:00:00,2025-09-07 09:00:00
P0163,Logitech Chargers & Cable LOG-119-163,25,119,LOG-119-163,Red,2023-08-14,Active,800.53,930.00,0,2023-08-14 09:00:00,2024-12-23 09:00:00
P0164,TP-Link Bags & Case TP--120-164,28,120,TP--120-164,Gray,2022-01-10,Active,3259.74,4330.00,0,2022-01-10 09:00:00,2023-08-18 09:00:00
P0165,Tornado Blender TOR-121-165,21,121,TOR-121-165,Red,2023-08-25,Active,5673.00,7730.00,0,2023-08-25 09:00:00,2025-08-10 09:00:00
P0166,Tornado Coffee Machine TOR-122-166,21,122,TOR-122-166,Gray,2023-12-23,Seasonal,1930.97,2550.00,0,2023-12-23 09:00:00,2025-03-17 09:00:00
P0167,LG Vacuum Cleaner LG-123-167,13,123,LG-123-167,Red,2023-02-01,Active,11663.35,15370.00,0,2023-02-01 09:00:00,2023-09-10 09:00:00
P0168,Beko Iron BEK-124-168,19,124,BEK-124-168,Green,2021-10-17,Active,2910.29,3840.00,0,2021-10-17 09:00:00,2021-11-27 09:00:00
P0169,HP Laptop HP-101-169,3,101,HP-101-169,Blue,2021-03-25,Active,47543.05,60080.00,0,2021-03-25 09:00:00,2022-04-11 09:00:00
P0170,ASUS Monitor ASU-102-170,11,102,ASU-102-170,Gold,2021-02-01,Active,14009.12,19350.00,0,2021-02-01 09:00:00,2021-11-13 09:00:00
P0171,Lenovo Storage LEN-103-171,1,103,LEN-103-171,Silver,2022-12-24,Active,5148.70,6540.00,0,2022-12-24 09:00:00,2024-04-30 09:00:00
P0172,ASUS Networking ASU-104-172,11,104,ASU-104-172,Gray,2026-01-18,Active,12931.93,14790.00,0,2026-01-18 09:00:00,2026-04-16 09:00:00
P0173,realme Smartphone REA-105-173,8,105,REA-105-173,Blue,2023-01-04,Active,6863.07,8300.00,0,2023-01-04 09:00:00,2023-05-29 09:00:00
P0174,Apple Tablet APP-106-174,4,106,APP-106-174,Blue,2021-08-31,Active,27362.44,33720.00,0,2021-08-31 09:00:00,2021-10-13 09:00:00
P0175,realme Smartwatche REA-107-175,8,107,REA-107-175,Green,2023-01-01,Active,9159.60,10980.00,0,2023-01-01 09:00:00,2023-02-09 09:00:00
P0176,Honor Feature Phone HON-108-176,10,108,HON-108-176,Silver,2025-07-21,Active,1111.55,1490.00,0,2025-07-21 09:00:00,2025-10-21 09:00:00
P0177,LG Refrigerator LG-109-177,13,109,LG-109-177,White,2021-06-24,Active,61603.41,78000.00,0,2021-06-24 09:00:00,2023-01-31 09:00:00
P0178,LG Washing Machine LG-110-178,13,110,LG-110-178,Blue,2021-08-24,Active,34993.47,46820.00,0,2021-08-24 09:00:00,2021-10-25 09:00:00
P0179,LG Air Conditioner LG-111-179,13,111,LG-111-179,Silver,2022-03-04,Active,30914.01,43740.00,0,2022-03-04 09:00:00,2022-08-21 09:00:00
P0180,Philips Cooker PHI-112-180,17,112,PHI-112-180,Black,2022-02-04,Active,6926.06,9270.00,0,2022-02-04 09:00:00,2022-04-30 09:00:00
P0181,TCL Television TCL-113-181,15,113,TCL-113-181,Gold,2023-06-19,Active,28725.42,36480.00,0,2023-06-19 09:00:00,2023-06-22 09:00:00
P0182,Samsung Sound System SAM-114-182,5,114,SAM-114-182,Red,2022-11-21,Active,12151.11,16740.00,0,2022-11-21 09:00:00,2023-12-24 09:00:00
P0183,Hisense Gaming HIS-115-183,16,115,HIS-115-183,Green,2025-01-30,Active,11884.69,16490.00,0,2025-01-30 09:00:00,2026-05-02 09:00:00
P0184,TCL Streaming Device TCL-116-184,15,116,TCL-116-184,White,2026-02-28,Seasonal,6052.19,8560.00,0,2026-02-28 09:00:00,2026-04-04 09:00:00
P0185,Baseus Keyboards & Mice BAS-117-185,27,117,BAS-117-185,Red,2021-04-18,Active,3645.45,4250.00,0,2021-04-18 09:00:00,2022-08-29 09:00:00
P0186,Logitech Headphone LOG-118-186,25,118,LOG-118-186,Gray,2023-12-07,Seasonal,9275.05,12710.00,0,2023-12-07 09:00:00,2024-01-04 09:00:00
P0187,TP-Link Chargers & Cable TP--119-187,28,119,TP--119-187,White,2022-05-05,Active,621.32,820.00,0,2022-05-05 09:00:00,2024-04-09 09:00:00
P0188,SanDisk Bags & Case SAN-120-188,30,120,SAN-120-188,Green,2023-01-28,Active,4045.64,4880.00,0,2023-01-28 09:00:00,2024-11-09 09:00:00
P0189,Fresh Blender FRE-121-189,20,121,FRE-121-189,Green,2022-01-30,Active,710.51,920.00,0,2022-01-30 09:00:00,2023-06-17 09:00:00
P0190,Bosch Coffee Machine BOS-122-190,18,122,BOS-122-190,Blue,2022-09-09,Active,18243.87,21920.00,0,2022-09-09 09:00:00,2024-11-20 09:00:00
P0191,Midea Vacuum Cleaner MID-123-191,22,123,MID-123-191,Black,2022-07-23,Active,17858.97,22250.00,0,2022-07-23 09:00:00,2023-06-06 09:00:00
P0192,Philips Iron PHI-124-192,17,124,PHI-124-192,Blue,2022-10-23,Active,1026.88,1350.00,0,2022-10-23 09:00:00,2024-10-31 09:00:00
P0193,HP Laptop HP-101-193,3,101,HP-101-193,Red,2023-09-18,Active,27706.89,35950.00,0,2023-09-18 09:00:00,2024-03-31 09:00:00
P0194,HP Monitor HP-102-194,3,102,HP-102-194,Green,2022-08-09,Active,23080.12,27070.00,0,2022-08-09 09:00:00,2024-05-12 09:00:00
P0195,HP Storage HP-103-195,3,103,HP-103-195,Silver,2022-01-15,Active,5452.64,6860.00,0,2022-01-15 09:00:00,2023-04-05 09:00:00
P0196,Lenovo Networking LEN-104-196,1,104,LEN-104-196,Red,2022-01-04,Active,1948.28,2230.00,0,2022-01-04 09:00:00,2023-12-06 09:00:00
P0197,OPPO Smartphone OPP-105-197,7,105,OPP-105-197,Red,2023-08-22,Active,11398.18,13610.00,0,2023-08-22 09:00:00,2023-11-13 09:00:00
P0198,Samsung Tablet SAM-106-198,5,106,SAM-106-198,Blue,2023-05-26,Active,32856.75,42630.00,0,2023-05-26 09:00:00,2024-04-12 09:00:00
P0199,Apple Smartwatche APP-107-199,4,107,APP-107-199,Red,2025-05-28,Active,13132.43,16190.00,0,2025-05-28 09:00:00,2026-07-14 09:00:00
P0200,OPPO Feature Phone OPP-108-200,7,108,OPP-108-200,White,2021-10-09,Active,690.96,960.00,0,2021-10-09 09:00:00,2022-09-06 09:00:00
P0201,LG Refrigerator LG-109-201,13,109,LG-109-201,Gray,2024-07-23,Active,56901.60,66550.00,0,2024-07-23 09:00:00,2025-08-25 09:00:00
P0202,Beko Washing Machine BEK-110-202,19,110,BEK-110-202,Green,2025-01-04,Active,12013.14,16020.00,0,2025-01-04 09:00:00,2025-08-30 09:00:00
P0203,Tornado Air Conditioner TOR-111-203,21,111,TOR-111-203,Green,2025-11-21,Active,28700.03,38870.00,0,2025-11-21 09:00:00,2026-04-13 09:00:00
P0204,Fresh Cooker FRE-112-204,20,112,FRE-112-204,Red,2025-06-13,Active,28664.70,35300.00,0,2025-06-13 09:00:00,2026-06-17 09:00:00
P0205,Sony Television SON-113-205,14,113,SON-113-205,Red,2021-04-09,Active,51346.37,64070.00,0,2021-04-09 09:00:00,2023-05-09 09:00:00
P0206,Samsung Sound System SAM-114-206,5,114,SAM-114-206,Black,2024-01-10,Active,26302.36,31710.00,0,2024-01-10 09:00:00,2025-03-12 09:00:00
P0207,LG Gaming LG-115-207,13,115,LG-115-207,Gold,2023-07-29,Active,38655.91,53510.00,0,2023-07-29 09:00:00,2024-01-30 09:00:00
P0208,TCL Streaming Device TCL-116-208,15,116,TCL-116-208,Blue,2021-11-08,Active,4597.91,6460.00,0,2021-11-08 09:00:00,2023-07-03 09:00:00
P0209,TP-Link Keyboards & Mice TP--117-209,28,117,TP--117-209,White,2022-10-04,Active,1373.07,1580.00,0,2022-10-04 09:00:00,2023-05-17 09:00:00
P0210,Baseus Headphone BAS-118-210,27,118,BAS-118-210,Green,2021-08-16,Active,7143.82,9910.00,0,2021-08-16 09:00:00,2023-03-18 09:00:00
P0211,Kingston Chargers & Cable KIN-119-211,29,119,KIN-119-211,Silver,2022-08-27,Active,3478.28,4470.00,0,2022-08-27 09:00:00,2022-11-07 09:00:00
P0212,SanDisk Bags & Case SAN-120-212,30,120,SAN-120-212,Green,2024-06-02,Active,169.37,240.00,0,2024-06-02 09:00:00,2024-07-20 09:00:00
P0213,Midea Blender MID-121-213,22,121,MID-121-213,White,2024-01-12,Active,2433.50,3090.00,0,2024-01-12 09:00:00,2024-08-30 09:00:00
P0214,Beko Coffee Machine BEK-122-214,19,122,BEK-122-214,Red,2026-03-14,Active,13254.11,15160.00,0,2026-03-14 09:00:00,2026-04-04 09:00:00
P0215,Philips Vacuum Cleaner PHI-123-215,17,123,PHI-123-215,Gold,2023-04-20,Active,14776.78,16970.00,0,2023-04-20 09:00:00,2025-01-23 09:00:00
P0216,Fresh Iron FRE-124-216,20,124,FRE-124-216,Blue,2023-05-04,Active,1884.49,2480.00,0,2023-05-04 09:00:00,2023-10-11 09:00:00
P0217,HP Laptop HP-101-217,3,101,HP-101-217,White,2023-01-14,Active,33936.92,39460.00,0,2023-01-14 09:00:00,2024-02-24 09:00:00
P0218,ASUS Monitor ASU-102-218,11,102,ASU-102-218,Gray,2025-06-14,Active,7763.62,9410.00,0,2025-06-14 09:00:00,2025-08-16 09:00:00
P0219,HP Storage HP-103-219,3,103,HP-103-219,Gray,2024-11-12,Active,8298.60,10750.00,0,2024-11-12 09:00:00,2024-11-29 09:00:00
P0220,Dell Networking DEL-104-220,2,104,DEL-104-220,Silver,2025-12-11,Active,11072.99,15510.00,0,2025-12-11 09:00:00,2026-06-24 09:00:00
P0221,OPPO Smartphone OPP-105-221,7,105,OPP-105-221,Red,2025-07-16,Active,46046.02,63300.00,0,2025-07-16 09:00:00,2025-07-19 09:00:00
P0222,Honor Tablet HON-106-222,10,106,HON-106-222,Red,2025-08-12,Active,30448.46,36520.00,0,2025-08-12 09:00:00,2026-02-20 09:00:00
P0223,Apple Smartwatche APP-107-223,4,107,APP-107-223,Gold,2023-07-16,Active,6377.30,8990.00,0,2023-07-16 09:00:00,2025-11-21 09:00:00
P0224,OPPO Feature Phone OPP-108-224,7,108,OPP-108-224,White,2023-07-02,Active,1121.17,1520.00,0,2023-07-02 09:00:00,2024-01-30 09:00:00
P0225,Beko Refrigerator BEK-109-225,19,109,BEK-109-225,Gray,2023-08-25,Active,43347.53,54500.00,0,2023-08-25 09:00:00,2024-12-14 09:00:00
P0226,Bosch Washing Machine BOS-110-226,18,110,BOS-110-226,Blue,2023-03-19,Active,37819.61,44950.00,0,2023-03-19 09:00:00,2023-04-09 09:00:00
P0227,Fresh Air Conditioner FRE-111-227,20,111,FRE-111-227,Gold,2026-02-28,Active,16756.00,19330.00,0,2026-02-28 09:00:00,2026-06-27 09:00:00
P0228,LG Cooker LG-112-228,13,112,LG-112-228,Blue,2023-04-02,Active,16152.77,20260.00,0,2023-04-02 09:00:00,2025-02-15 09:00:00
P0229,TCL Television TCL-113-229,15,113,TCL-113-229,Gray,2024-01-05,Active,60149.21,72830.00,0,2024-01-05 09:00:00,2025-08-20 09:00:00
P0230,LG Sound System LG-114-230,13,114,LG-114-230,Red,2025-10-24,Active,9229.92,13150.00,0,2025-10-24 09:00:00,2025-10-30 09:00:00
P0231,TCL Gaming TCL-115-231,15,115,TCL-115-231,Green,2021-01-16,Active,27038.95,36640.00,0,2021-01-16 09:00:00,2022-09-13 09:00:00
P0232,TCL Streaming Device TCL-116-232,15,116,TCL-116-232,Red,2022-10-21,Discontinued,4696.30,5880.00,0,2022-10-21 09:00:00,2024-04-02 09:00:00
P0233,JBL Keyboards & Mice JBL-117-233,24,117,JBL-117-233,Red,2023-03-15,Active,4308.42,4920.00,0,2023-03-15 09:00:00,2024-02-17 09:00:00
P0234,TP-Link Headphone TP--118-234,28,118,TP--118-234,Red,2022-10-11,Active,7779.06,9690.00,0,2022-10-11 09:00:00,2022-12-05 09:00:00
P0235,Logitech Chargers & Cable LOG-119-235,25,119,LOG-119-235,Blue,2021-11-30,Active,2227.98,2940.00,0,2021-11-30 09:00:00,2022-09-26 09:00:00
P0236,Anker Bags & Case ANK-120-236,26,120,ANK-120-236,Red,2023-04-11,Discontinued,1220.76,1560.00,0,2023-04-11 09:00:00,2024-01-26 09:00:00
P0237,Bosch Blender BOS-121-237,18,121,BOS-121-237,Gold,2024-10-03,Active,6536.49,7570.00,0,2024-10-03 09:00:00,2025-06-28 09:00:00
P0238,Philips Coffee Machine PHI-122-238,17,122,PHI-122-238,Black,2025-06-14,Active,11249.46,13050.00,0,2025-06-14 09:00:00,2026-04-22 09:00:00
P0239,Tornado Vacuum Cleaner TOR-123-239,21,123,TOR-123-239,Red,2025-01-15,Active,19595.45,26380.00,0,2025-01-15 09:00:00,2026-04-29 09:00:00
P0240,Tornado Iron TOR-124-240,21,124,TOR-124-240,Red,2021-04-08,Active,4240.68,5290.00,0,2021-04-08 09:00:00,2021-10-24 09:00:00
P0241,Dell Laptop DEL-101-241,2,101,DEL-101-241,Black,2023-06-08,Active,60613.55,76950.00,0,2023-06-08 09:00:00,2025-03-20 09:00:00
P0242,HP Monitor HP-102-242,3,102,HP-102-242,Green,2022-08-31,Active,11264.61,14910.00,0,2022-08-31 09:00:00,2024-07-02 09:00:00
P0243,Acer Storage ACE-103-243,12,103,ACE-103-243,Silver,2022-10-18,Active,7275.01,9990.00,0,2022-10-18 09:00:00,2024-11-15 09:00:00
P0244,ASUS Networking ASU-104-244,11,104,ASU-104-244,Gray,2021-11-28,Active,3331.35,4310.00,0,2021-11-28 09:00:00,2024-04-11 09:00:00
P0245,realme Smartphone REA-105-245,8,105,REA-105-245,Black,2022-10-06,Active,11704.30,15730.00,0,2022-10-06 09:00:00,2024-12-03 09:00:00
P0246,Samsung Tablet SAM-106-246,5,106,SAM-106-246,Blue,2022-02-17,Active,8995.17,11630.00,0,2022-02-17 09:00:00,2023-08-05 09:00:00
P0247,Samsung Smartwatche SAM-107-247,5,107,SAM-107-247,Silver,2024-09-13,Active,8478.39,10970.00,0,2024-09-13 09:00:00,2024-10-04 09:00:00
P0248,Samsung Feature Phone SAM-108-248,5,108,SAM-108-248,Black,2021-07-17,Active,2213.17,3100.00,0,2021-07-17 09:00:00,2021-12-20 09:00:00
P0249,Bosch Refrigerator BOS-109-249,18,109,BOS-109-249,Gray,2024-09-03,Active,47447.61,55220.00,0,2024-09-03 09:00:00,2025-07-16 09:00:00
P0250,Bosch Washing Machine BOS-110-250,18,110,BOS-110-250,Black,2023-07-02,Active,37519.37,51470.00,0,2023-07-02 09:00:00,2025-10-08 09:00:00
P0251,Philips Air Conditioner PHI-111-251,17,111,PHI-111-251,White,2021-07-12,Active,30098.32,36580.00,0,2021-07-12 09:00:00,2022-02-06 09:00:00
P0252,Midea Cooker MID-112-252,22,112,MID-112-252,Gold,2021-10-25,Active,16156.17,19220.00,0,2021-10-25 09:00:00,2022-07-02 09:00:00
P0253,Hisense Television HIS-113-253,16,113,HIS-113-253,Green,2025-04-14,Active,43384.46,56250.00,0,2025-04-14 09:00:00,2025-08-11 09:00:00
P0254,JBL Sound System JBL-114-254,24,114,JBL-114-254,Black,2022-12-26,Active,35791.95,42530.00,0,2022-12-26 09:00:00,2024-10-23 09:00:00
P0255,JBL Gaming JBL-115-255,24,115,JBL-115-255,Silver,2022-09-14,Active,24429.11,33980.00,0,2022-09-14 09:00:00,2023-03-23 09:00:00
P0256,TCL Streaming Device TCL-116-256,15,116,TCL-116-256,Blue,2025-06-05,Active,3503.78,4750.00,0,2025-06-05 09:00:00,2025-08-15 09:00:00
P0257,Logitech Keyboards & Mice LOG-117-257,25,117,LOG-117-257,Gray,2025-06-23,Active,1145.57,1350.00,0,2025-06-23 09:00:00,2026-01-03 09:00:00
P0258,Logitech Headphone LOG-118-258,25,118,LOG-118-258,Red,2021-05-30,Active,8336.14,11430.00,0,2021-05-30 09:00:00,2021-06-29 09:00:00
P0259,JBL Chargers & Cable JBL-119-259,24,119,JBL-119-259,Red,2021-05-03,Active,384.22,520.00,0,2021-05-03 09:00:00,2021-10-28 09:00:00
P0260,Kingston Bags & Case KIN-120-260,29,120,KIN-120-260,Blue,2021-02-20,Active,3056.47,4160.00,0,2021-02-20 09:00:00,2023-07-24 09:00:00
P0261,Midea Blender MID-121-261,22,121,MID-121-261,Green,2022-10-21,Active,3609.71,4890.00,0,2022-10-21 09:00:00,2025-02-11 09:00:00
P0262,Philips Coffee Machine PHI-122-262,17,122,PHI-122-262,Green,2021-05-22,Active,15279.95,21420.00,0,2021-05-22 09:00:00,2023-02-14 09:00:00
P0263,Philips Vacuum Cleaner PHI-123-263,17,123,PHI-123-263,Gold,2021-03-05,Active,5302.67,6840.00,0,2021-03-05 09:00:00,2022-07-22 09:00:00
P0264,Tornado Iron TOR-124-264,21,124,TOR-124-264,Black,2025-06-10,Active,953.47,1090.00,0,2025-06-10 09:00:00,2026-04-04 09:00:00
P0265,Acer Laptop ACE-101-265,12,101,ACE-101-265,Black,2025-12-22,Active,59961.36,71710.00,0,2025-12-22 09:00:00,2026-06-19 09:00:00
P0266,Dell Monitor DEL-102-266,2,102,DEL-102-266,Green,2022-09-14,Active,20118.47,26040.00,0,2022-09-14 09:00:00,2023-12-11 09:00:00
P0267,Dell Storage DEL-103-267,2,103,DEL-103-267,Green,2025-03-24,Active,2742.37,3690.00,0,2025-03-24 09:00:00,2025-06-29 09:00:00
P0268,Acer Networking ACE-104-268,12,104,ACE-104-268,Gray,2024-07-22,Active,6793.16,8210.00,0,2024-07-22 09:00:00,2025-05-24 09:00:00
P0269,realme Smartphone REA-105-269,8,105,REA-105-269,Black,2023-04-07,Active,16998.29,20740.00,0,2023-04-07 09:00:00,2024-02-07 09:00:00
P0270,Honor Tablet HON-106-270,10,106,HON-106-270,Red,2022-11-21,Active,28661.19,34740.00,0,2022-11-21 09:00:00,2023-12-24 09:00:00
P0271,realme Smartwatche REA-107-271,8,107,REA-107-271,Black,2021-08-25,Active,15372.21,19760.00,0,2021-08-25 09:00:00,2021-12-03 09:00:00
P0272,Apple Feature Phone APP-108-272,4,108,APP-108-272,Blue,2022-08-13,Active,1718.13,2140.00,0,2022-08-13 09:00:00,2022-12-02 09:00:00
P0273,LG Refrigerator LG-109-273,13,109,LG-109-273,Gray,2022-11-11,Active,16002.29,19530.00,0,2022-11-11 09:00:00,2023-11-12 09:00:00
P0274,Tornado Washing Machine TOR-110-274,21,110,TOR-110-274,Gold,2022-09-22,Active,18635.95,25980.00,0,2022-09-22 09:00:00,2022-11-14 09:00:00
P0275,Beko Air Conditioner BEK-111-275,19,111,BEK-111-275,Gray,2023-07-03,Active,45286.20,51660.00,0,2023-07-03 09:00:00,2024-10-05 09:00:00
P0276,Beko Cooker BEK-112-276,19,112,BEK-112-276,Green,2022-07-20,Active,28482.14,34840.00,0,2022-07-20 09:00:00,2022-08-25 09:00:00
P0277,TCL Television TCL-113-277,15,113,TCL-113-277,Black,2021-08-27,Active,49706.64,63370.00,0,2021-08-27 09:00:00,2023-03-31 09:00:00
P0278,Samsung Sound System SAM-114-278,5,114,SAM-114-278,White,2022-09-07,Discontinued,5082.32,6680.00,0,2022-09-07 09:00:00,2023-04-27 09:00:00
P0279,JBL Gaming JBL-115-279,24,115,JBL-115-279,White,2022-06-12,Active,15027.74,20510.00,0,2022-06-12 09:00:00,2023-08-04 09:00:00
P0280,TCL Streaming Device TCL-116-280,15,116,TCL-116-280,Black,2024-02-02,Active,4746.33,5730.00,0,2024-02-02 09:00:00,2024-12-20 09:00:00
P0281,Anker Keyboards & Mice ANK-117-281,26,117,ANK-117-281,Gold,2025-03-22,Active,3255.12,4260.00,0,2025-03-22 09:00:00,2025-09-11 09:00:00
P0282,Anker Headphone ANK-118-282,26,118,ANK-118-282,Red,2024-10-01,Active,2960.36,4010.00,0,2024-10-01 09:00:00,2025-03-20 09:00:00
P0283,Baseus Chargers & Cable BAS-119-283,27,119,BAS-119-283,Black,2023-03-04,Active,380.15,480.00,0,2023-03-04 09:00:00,2025-08-19 09:00:00
P0284,Anker Bags & Case ANK-120-284,26,120,ANK-120-284,White,2023-09-13,Active,2834.90,3570.00,0,2023-09-13 09:00:00,2024-10-26 09:00:00
P0285,Beko Blender BEK-121-285,19,121,BEK-121-285,Green,2022-09-23,Active,1886.21,2410.00,0,2022-09-23 09:00:00,2024-01-20 09:00:00
P0286,Panasonic Coffee Machine PAN-122-286,23,122,PAN-122-286,Silver,2025-07-08,Active,12168.06,16050.00,0,2025-07-08 09:00:00,2025-10-08 09:00:00
P0287,Bosch Vacuum Cleaner BOS-123-287,18,123,BOS-123-287,Red,2025-12-07,Active,6790.43,8710.00,0,2025-12-07 09:00:00,2026-04-07 09:00:00
P0288,Fresh Iron FRE-124-288,20,124,FRE-124-288,Green,2022-08-31,Active,2153.51,2790.00,0,2022-08-31 09:00:00,2024-07-08 09:00:00
P0289,Dell Laptop DEL-101-289,2,101,DEL-101-289,Blue,2025-04-26,Active,25872.07,32720.00,0,2025-04-26 09:00:00,2025-06-17 09:00:00
P0290,Acer Monitor ACE-102-290,12,102,ACE-102-290,Silver,2021-12-04,Active,3761.01,5270.00,0,2021-12-04 09:00:00,2024-01-29 09:00:00
P0291,Lenovo Storage LEN-103-291,1,103,LEN-103-291,Black,2021-11-18,Active,4482.06,5290.00,0,2021-11-18 09:00:00,2024-04-10 09:00:00
P0292,Dell Networking DEL-104-292,2,104,DEL-104-292,Gray,2025-03-17,Active,9866.59,11960.00,0,2025-03-17 09:00:00,2025-09-26 09:00:00
P0293,realme Smartphone REA-105-293,8,105,REA-105-293,Black,2024-02-27,Seasonal,22493.70,30940.00,0,2024-02-27 09:00:00,2025-04-06 09:00:00
P0294,OPPO Tablet OPP-106-294,7,106,OPP-106-294,White,2026-01-26,Active,16500.18,20340.00,0,2026-01-26 09:00:00,2026-03-05 09:00:00
P0295,Samsung Smartwatche SAM-107-295,5,107,SAM-107-295,Gray,2021-12-18,Discontinued,15710.25,21450.00,0,2021-12-18 09:00:00,2022-06-08 09:00:00
P0296,realme Feature Phone REA-108-296,8,108,REA-108-296,Gray,2023-04-26,Active,1673.69,1990.00,0,2023-04-26 09:00:00,2023-06-01 09:00:00
P0297,Tornado Refrigerator TOR-109-297,21,109,TOR-109-297,Red,2025-08-13,Active,55961.42,67490.00,0,2025-08-13 09:00:00,2026-06-12 09:00:00
P0298,Philips Washing Machine PHI-110-298,17,110,PHI-110-298,Red,2025-07-17,Active,11339.02,13440.00,0,2025-07-17 09:00:00,2026-05-20 09:00:00
P0299,Midea Air Conditioner MID-111-299,22,111,MID-111-299,Gray,2021-10-07,Active,41235.09,54240.00,0,2021-10-07 09:00:00,2023-12-06 09:00:00
P0300,Bosch Cooker BOS-112-300,18,112,BOS-112-300,Silver,2022-01-11,Active,22883.41,30870.00,0,2022-01-11 09:00:00,2022-10-29 09:00:00
P0301,LG Television LG-113-301,13,113,LG-113-301,Black,2025-08-20,Active,61323.49,71440.00,0,2025-08-20 09:00:00,2026-05-31 09:00:00
P0302,Samsung Sound System SAM-114-302,5,114,SAM-114-302,Red,2025-11-30,Active,38426.11,44590.00,0,2025-11-30 09:00:00,2025-12-19 09:00:00
P0303,Hisense Gaming HIS-115-303,16,115,HIS-115-303,Black,2022-03-28,Active,11523.70,14850.00,0,2022-03-28 09:00:00,2023-11-13 09:00:00
P0304,Sony Streaming Device SON-116-304,14,116,SON-116-304,Silver,2021-01-03,Active,5684.81,7570.00,0,2021-01-03 09:00:00,2021-09-26 09:00:00
P0305,Kingston Keyboards & Mice KIN-117-305,29,117,KIN-117-305,Red,2021-07-13,Active,3155.80,3770.00,0,2021-07-13 09:00:00,2023-03-21 09:00:00
P0306,JBL Headphone JBL-118-306,24,118,JBL-118-306,Black,2025-12-05,Active,4447.77,5940.00,0,2025-12-05 09:00:00,2025-12-19 09:00:00
P0307,JBL Chargers & Cable JBL-119-307,24,119,JBL-119-307,Gray,2022-01-27,Discontinued,3515.79,4220.00,0,2022-01-27 09:00:00,2024-03-03 09:00:00
P0308,Baseus Bags & Case BAS-120-308,27,120,BAS-120-308,Gold,2024-07-15,Active,904.02,1150.00,0,2024-07-15 09:00:00,2025-02-26 09:00:00
P0309,Midea Blender MID-121-309,22,121,MID-121-309,Gold,2024-01-08,Active,4697.40,5480.00,0,2024-01-08 09:00:00,2025-05-03 09:00:00
P0310,Tornado Coffee Machine TOR-122-310,21,122,TOR-122-310,Green,2024-07-29,Active,9808.31,11210.00,0,2024-07-29 09:00:00,2025-09-01 09:00:00
P0311,Bosch Vacuum Cleaner BOS-123-311,18,123,BOS-123-311,Black,2021-06-06,Active,14243.28,18880.00,0,2021-06-06 09:00:00,2021-12-05 09:00:00
P0312,Philips Iron PHI-124-312,17,124,PHI-124-312,Blue,2025-10-28,Active,693.45,950.00,0,2025-10-28 09:00:00,2026-07-05 09:00:00
P0313,ASUS Laptop ASU-101-313,11,101,ASU-101-313,Black,2021-12-18,Active,48319.82,57140.00,0,2021-12-18 09:00:00,2024-05-12 09:00:00
P0314,ASUS Monitor ASU-102-314,11,102,ASU-102-314,Gold,2022-03-08,Active,9915.61,13690.00,0,2022-03-08 09:00:00,2024-05-05 09:00:00
P0315,ASUS Storage ASU-103-315,11,103,ASU-103-315,Red,2024-04-26,Active,1784.64,2320.00,0,2024-04-26 09:00:00,2026-03-25 09:00:00
P0316,Dell Networking DEL-104-316,2,104,DEL-104-316,Silver,2022-09-12,Active,9093.09,10450.00,0,2022-09-12 09:00:00,2024-10-25 09:00:00
P0317,Honor Smartphone HON-105-317,10,105,HON-105-317,Gray,2024-05-30,Active,48239.73,68860.00,0,2024-05-30 09:00:00,2025-08-25 09:00:00
P0318,Huawei Tablet HUA-106-318,9,106,HUA-106-318,White,2023-07-25,Active,35320.54,40540.00,0,2023-07-25 09:00:00,2025-11-07 09:00:00
P0319,Huawei Smartwatche HUA-107-319,9,107,HUA-107-319,Green,2022-10-24,Active,10345.23,12790.00,0,2022-10-24 09:00:00,2023-07-12 09:00:00
P0320,Huawei Feature Phone HUA-108-320,9,108,HUA-108-320,Blue,2022-05-26,Active,2331.62,3280.00,0,2022-05-26 09:00:00,2023-11-25 09:00:00
